Fold_Iteration,Leaky_AUROC,Leaky_Accuracy,Nested_PCA_AUROC,Nested_PCA_Accuracy,Nested_RF_AUROC,Nested_RF_Accuracy,Unified_AUROC,Unified_Accuracy,Unified_arch,Unified_C
1,0.6865800865800865,0.8003597122302158,0.6873403019744483,0.8039568345323741,0.7009185936015204,0.802158273381295,0.7009185936015204,0.802158273381295,rf,10.0
2,0.7093865484109386,0.7931654676258992,0.7063879210220674,0.7913669064748201,0.7653890824622533,0.8093525179856115,0.7653890824622533,0.8093525179856115,rf,1.0
3,0.7596241157216768,0.8255395683453237,0.7597930524759793,0.8273381294964028,0.7553162284869602,0.8057553956834532,0.7553162284869602,0.8057553956834532,rf,0.1
4,0.7210431844578186,0.8075539568345323,0.722204624643649,0.8129496402877698,0.7244219195438708,0.7967625899280576,0.7244219195438708,0.7967625899280576,rf,0.1
5,0.6920731707317074,0.7783783783783784,0.6919239297288077,0.7783783783783784,0.7150776053215077,0.7765765765765765,0.7150776053215077,0.7765765765765765,rf,0.1
6,0.7378101573223524,0.8075539568345323,0.7386548410938655,0.8111510791366906,0.7424136838770986,0.8111510791366906,0.7424136838770986,0.8111510791366906,rf,0.1
7,0.6795692112765284,0.802158273381295,0.6794002745222256,0.7985611510791367,0.7027135466159856,0.802158273381295,0.7027135466159856,0.802158273381295,rf,0.1
8,0.7448843839087742,0.7985611510791367,0.7458135360574385,0.8039568345323741,0.7479674796747968,0.7841726618705036,0.7479674796747968,0.7841726618705036,rf,10.0
9,0.6937810157322353,0.7913669064748201,0.6917115404920283,0.7949640287769785,0.7194594023862316,0.802158273381295,0.7194594023862316,0.802158273381295,rf,10.0
10,0.7360353061572574,0.7981981981981981,0.7373784751833532,0.7963963963963964,0.7244584683609074,0.8018018018018018,0.7244584683609074,0.8018018018018018,rf,1.0
11,0.7360152043078871,0.8093525179856115,0.7373244641537327,0.8093525179856115,0.750248125857882,0.8057553956834532,0.750248125857882,0.8057553956834532,rf,1.0
12,0.700369549150037,0.8129496402877698,0.7013198183929891,0.8075539568345323,0.7044240312532996,0.7859712230215827,0.7044240312532996,0.7859712230215827,rf,10.0
13,0.7344947735191637,0.8129496402877698,0.7319607222046246,0.8129496402877698,0.7439129975715342,0.8057553956834532,0.7439129975715342,0.8057553956834532,rf,1.0
14,0.7014887551472917,0.7751798561151079,0.7021222679759265,0.7751798561151079,0.7273360785555907,0.789568345323741,0.7273360785555907,0.789568345323741,rf,1.0
15,0.7254391949513901,0.8,0.725076752515777,0.8,0.732837284666553,0.8162162162162162,0.732837284666553,0.8162162162162162,rf,1.0
16,0.7102523492767395,0.7985611510791367,0.7082673424136839,0.7913669064748201,0.7197550417062613,0.7931654676258992,0.7197550417062613,0.7931654676258992,rf,0.1
17,0.7150036954915003,0.8039568345323741,0.7138000211170942,0.8057553956834532,0.7284552845528455,0.7985611510791367,0.7284552845528455,0.7985611510791367,rf,1.0
18,0.7343891880477247,0.7805755395683454,0.7355506282335551,0.7787769784172662,0.7679020166825045,0.8039568345323741,0.7679020166825045,0.8039568345323741,rf,1.0
19,0.7213388237778482,0.8201438848920863,0.7194382852919438,0.814748201438849,0.7330799282018794,0.802158273381295,0.7330799282018794,0.802158273381295,rf,0.1
20,0.7076795156063449,0.7927927927927928,0.7070399113082039,0.7945945945945946,0.7207700835749618,0.7945945945945946,0.7207700835749618,0.7945945945945946,rf,1.0
21,0.6882694541231127,0.8039568345323741,0.687002428465843,0.8039568345323741,0.70704255094499,0.7931654676258992,0.70704255094499,0.7931654676258992,rf,10.0
22,0.7258789990497307,0.7913669064748201,0.7257100622954282,0.7967625899280576,0.7426459719142646,0.7967625899280576,0.7426459719142646,0.7967625899280576,rf,0.1
23,0.6873191848801605,0.7913669064748201,0.6874670045401753,0.7931654676258992,0.6824516946468167,0.7679856115107914,0.6824516946468167,0.7679856115107914,rf,10.0
24,0.7633618414106219,0.8183453237410072,0.7627705627705628,0.8183453237410072,0.7817337134410305,0.829136690647482,0.7817337134410305,0.829136690647482,rf,0.1
25,0.7282747740064814,0.8054054054054054,0.7302788674739895,0.8018018018018018,0.7503198021490705,0.8036036036036036,0.7503198021490705,0.8036036036036036,rf,10.0
26,0.6784711223735613,0.7931654676258992,0.677668672790624,0.7877697841726619,0.7099039172209904,0.7949640287769785,0.7099039172209904,0.7949640287769785,rf,1.0
27,0.7317706683560342,0.8165467625899281,0.730334705944462,0.8093525179856115,0.7410410727483898,0.8093525179856115,0.7410410727483898,0.8093525179856115,rf,0.1
28,0.7346637102734663,0.7985611510791367,0.7352761060078132,0.802158273381295,0.7636152465420758,0.8093525179856115,0.7636152465420758,0.8093525179856115,rf,0.1
29,0.7092176116566361,0.7805755395683454,0.7096188364481046,0.7769784172661871,0.7079505859993664,0.7769784172661871,0.7079505859993664,0.7769784172661871,rf,1.0
30,0.7413653419750982,0.8198198198198198,0.7424313491386663,0.8198198198198198,0.7376129967593381,0.7855855855855856,0.7376129967593381,0.7855855855855856,rf,1.0
31,0.7147714074543343,0.789568345323741,0.7129131031570055,0.789568345323741,0.7404286770140429,0.7949640287769785,0.7404286770140429,0.7949640287769785,rf,10.0
32,0.7394784077710908,0.8075539568345323,0.7371977615880054,0.8039568345323741,0.7492345053320664,0.8129496402877698,0.7492345053320664,0.8129496402877698,rf,0.1
33,0.7342413683877099,0.8057553956834532,0.735445042762116,0.802158273381295,0.7341991341991341,0.8165467625899281,0.7341991341991341,0.8165467625899281,rf,10.0
34,0.7457079505859994,0.8039568345323741,0.7476507232604794,0.8039568345323741,0.7559919755041706,0.7949640287769785,0.7559919755041706,0.7949640287769785,rf,1.0
35,0.6590056285178236,0.7765765765765765,0.6598157939621355,0.7765765765765765,0.6897492751151288,0.772972972972973,0.6897492751151288,0.772972972972973,rf,0.1
