orig_index,y,p,pred,covered,set_size
3147,0,0.17029168377118337,0,1,1
3026,0,0.24094953082398002,0,1,1
1412,0,0.36747112844860486,0,1,2
467,0,0.2888709766223591,0,1,2
2507,0,0.35684053643656855,0,1,2
3107,0,0.18922245874924018,0,1,1
3252,0,0.34988943720425186,0,1,2
849,0,0.19297753704609227,0,1,1
2657,0,0.2734154349760345,0,1,2
65,1,0.24835940600770784,0,0,1
2121,0,0.2555902414296828,0,1,2
1121,0,0.2957430320030368,0,1,2
553,0,0.16487592022636294,0,1,1
2456,0,0.16701248763852455,0,1,1
378,1,0.6752651231380675,1,1,2
1942,0,0.2655014852678215,0,1,2
726,0,0.153490298902891,0,1,1
1415,0,0.23114545805486825,0,1,1
209,1,0.3590924355523877,0,1,2
1093,0,0.38913721409373214,0,1,2
3212,0,0.18623513104950742,0,1,1
2891,0,0.3083234821313524,0,1,2
2723,0,0.5645680691824788,1,1,2
2137,0,0.3527729781946499,0,1,2
2444,0,0.17200096112970195,0,1,1
453,0,0.29812501155337656,0,1,2
1044,0,0.16612913753995795,0,1,1
1866,0,0.21809008937158064,0,1,1
1253,0,0.37588725906986464,0,1,2
115,1,0.832736597858035,1,1,1
3166,0,0.4049805521667566,0,1,2
1605,0,0.25762101682998473,0,1,2
1418,0,0.533661889628019,1,1,2
924,0,0.1388161427565784,0,1,1
2464,0,0.49434393421924716,0,1,2
1725,0,0.4798273279940527,0,1,2
1758,0,0.16238974517405488,0,1,1
1733,0,0.5280556527157756,1,1,2
410,1,0.09301911630620005,0,0,1
3093,0,0.562337671708101,1,1,2
1157,0,0.32638113756961756,0,1,2
1156,0,0.2731218693066927,0,1,2
3248,0,0.09897245731258097,0,1,1
1312,0,0.3539178795883381,0,1,2
1295,0,0.20007713461014237,0,1,1
1328,0,0.27060663631756904,0,1,2
1454,0,0.16349494673564385,0,1,1
2722,0,0.16260769397576955,0,1,1
1221,0,0.17234239928800438,0,1,1
2711,0,0.5300234264252393,1,1,2
2180,0,0.18636111575393396,0,1,1
1985,0,0.29700953506724,0,1,2
269,1,0.4533564169678711,0,1,2
1321,0,0.25072145885999564,0,1,1
751,0,0.1307386353544695,0,1,1
1588,0,0.13358755552274923,0,1,1
1873,0,0.17161473932565838,0,1,1
2165,0,0.18163435686951468,0,1,1
1825,0,0.08933422555861927,0,1,1
3191,0,0.21912634130016162,0,1,1
1954,0,0.116721463380182,0,1,1
2154,0,0.15313606627596632,0,1,1
1701,0,0.20117990823958704,0,1,1
2192,0,0.3894573620082418,0,1,2
945,0,0.11661171058674434,0,1,1
470,0,0.12111631495098409,0,1,1
2627,0,0.16626632594808854,0,1,1
927,0,0.19214633029719907,0,1,1
306,1,0.20265992491737414,0,0,1
1262,0,0.20986151037358533,0,1,1
380,1,0.540124926469669,1,1,2
1764,0,0.16245615289579432,0,1,1
2389,0,0.12452218486458687,0,1,1
1584,0,0.23040808659485323,0,1,1
1334,0,0.10267478934643802,0,1,1
2342,0,0.22566199803167125,0,1,1
1962,0,0.15010380522739414,0,1,1
3070,0,0.7232429876810698,1,1,2
1114,0,0.44161810941494856,0,1,2
2618,0,0.10390083460907254,0,1,1
711,0,0.376222515732149,0,1,2
998,0,0.21337589433579962,0,1,1
2439,0,0.12606203460945312,0,1,1
2281,0,0.2670706918362604,0,1,2
296,1,0.1762425656721315,0,0,1
2339,0,0.3954295315653826,0,1,2
604,0,0.17312696580109033,0,1,1
1577,0,0.1404659217790637,0,1,1
3030,0,0.24275324883798277,0,1,1
88,1,0.581757922585352,1,1,2
103,1,0.3406952284750292,0,1,2
2153,0,0.2273403715970942,0,1,1
1620,0,0.29280206354721255,0,1,2
2505,0,0.22276928620653483,0,1,1
1752,0,0.3081790778388173,0,1,2
278,1,0.2709823041757375,0,1,2
315,1,0.19836311988830882,0,0,1
2215,0,0.1734782737653286,0,1,1
561,0,0.23473968023873043,0,1,1
1785,0,0.654794830170196,1,1,2
262,1,0.40238118944589635,0,1,2
3201,0,0.33974270479485885,0,1,2
2119,0,0.1699305166513257,0,1,1
932,0,0.1434373193605947,0,1,1
177,1,0.3093862936198636,0,1,2
2655,0,0.2695700762422568,0,1,2
2260,0,0.20278317474029053,0,1,1
522,0,0.2679018697833638,0,1,2
212,1,0.6708433023178961,1,1,2
2769,0,0.1427707831791709,0,1,1
1141,0,0.20553984121426963,0,1,1
386,1,0.17463346294329474,0,0,1
267,1,0.2474768696482331,0,0,1
1198,0,0.20228631009627468,0,1,1
574,0,0.33283729221518765,0,1,2
775,0,0.34834850767559145,0,1,2
3208,0,0.11529422054140218,0,1,1
2978,0,0.1145939666540357,0,1,1
1021,0,0.48093230181723157,0,1,2
1066,0,0.18369273258867633,0,1,1
2526,0,0.3189560114166743,0,1,2
1020,0,0.2415840191536377,0,1,1
2043,0,0.41912281710985355,0,1,2
2217,0,0.2165673580725293,0,1,1
507,0,0.4105628739533156,0,1,2
1715,0,0.4425682655794564,0,1,2
1670,0,0.08206222363389828,0,1,1
2216,0,0.21038576908026216,0,1,1
638,0,0.7844572043143454,1,0,1
1335,0,0.2808432254645515,0,1,2
1032,0,0.1707021522191254,0,1,1
2163,0,0.20716935134950165,0,1,1
163,1,0.07195210182336165,0,0,1
1450,0,0.27439446147815844,0,1,2
1273,0,0.24119312821343342,0,1,1
1311,0,0.29113853171089565,0,1,2
2851,0,0.20400378980363382,0,1,1
1677,0,0.11939868226443318,0,1,1
2519,0,0.18884524817095702,0,1,1
1413,0,0.5002350145292811,1,1,2
213,1,0.7245362321150937,1,1,2
2913,0,0.2888325248741404,0,1,2
3192,0,0.29022340197078905,0,1,2
788,0,0.16846526231367182,0,1,1
54,1,0.4564699790208261,0,1,2
2943,0,0.13328231482651529,0,1,1
795,0,0.16239827750295358,0,1,1
876,0,0.08971035444764985,0,1,1
1992,0,0.5114531024070732,1,1,2
1518,0,0.10068733872822958,0,1,1
1255,0,0.7516086335304181,1,0,1
2321,0,0.3677011481148852,0,1,2
2047,0,0.6110550629578583,1,1,2
1696,0,0.15263752458848168,0,1,1
2357,0,0.5173650264110379,1,1,2
1599,0,0.16205711182085494,0,1,1
995,0,0.18187360799397395,0,1,1
2348,0,0.12465421568633485,0,1,1
2499,0,0.27045409377707197,0,1,2
3155,0,0.3197232402880308,0,1,2
1638,0,0.24993818141233076,0,1,1
2156,0,0.2771645456120159,0,1,2
426,1,0.5218711173305518,1,1,2
2546,0,0.26844467421264623,0,1,2
3014,0,0.09551713156074525,0,1,1
612,0,0.1509224334193558,0,1,1
2151,0,0.1456288965672842,0,1,1
836,0,0.18571524842735643,0,1,1
392,1,0.6956002568683846,1,1,2
2640,0,0.12449754281243391,0,1,1
1827,0,0.16900803737304018,0,1,1
2417,0,0.17980154887433963,0,1,1
1540,0,0.1764766991673885,0,1,1
1479,0,0.11601404667480344,0,1,1
1004,0,0.11416868677777978,0,1,1
2695,0,0.14748226649004204,0,1,1
720,0,0.35735126139613227,0,1,2
3083,0,0.14757892427340114,0,1,1
258,1,0.4233247857205676,0,1,2
658,0,0.1907687981331835,0,1,1
1936,0,0.5664001030100725,1,1,2
556,0,0.1303740556121656,0,1,1
1027,0,0.22320813221237978,0,1,1
2274,0,0.15336034234476076,0,1,1
619,0,0.15053591179965725,0,1,1
501,0,0.5887041081920803,1,1,2
1749,0,0.24923671011117352,0,1,1
2209,0,0.4848325918345982,0,1,2
385,1,0.4783893282880147,0,1,2
3062,0,0.154689485351221,0,1,1
3098,0,0.20725361868038947,0,1,1
1486,0,0.26886398684732576,0,1,2
450,0,0.27805803835946324,0,1,2
1227,0,0.17978178441699608,0,1,1
247,1,0.20893314124829554,0,0,1
487,0,0.46873191434189077,0,1,2
167,1,0.6807418487024784,1,1,2
283,1,0.4769307842445403,0,1,2
1160,0,0.09980158707653944,0,1,1
2381,0,0.23478145428007208,0,1,1
970,0,0.39326230563251796,0,1,2
3025,0,0.3027932165213989,0,1,2
1161,0,0.19342322042884832,0,1,1
2037,0,0.31182845345620136,0,1,2
2658,0,0.2787617336874939,0,1,2
2819,0,0.18423647217400801,0,1,1
1937,0,0.21676877495739677,0,1,1
3176,0,0.19560880056925528,0,1,1
3209,0,0.4099365467097129,0,1,2
1106,0,0.2767107235932349,0,1,2
2604,0,0.14722897735011628,0,1,1
128,1,0.45734277274501334,0,1,2
2140,0,0.35351065946359184,0,1,2
1527,0,0.07838073712857639,0,1,1
1685,0,0.20260947818947528,0,1,1
3016,0,0.12542261694648,0,1,1
3235,0,0.17454086920055445,0,1,1
1858,0,0.4268357263071264,0,1,2
2736,0,0.5560563643759451,1,1,2
2789,0,0.44391933177742565,0,1,2
2245,0,0.19854853377154258,0,1,1
1901,0,0.23892355862018952,0,1,1
1606,0,0.2835118925320981,0,1,2
910,0,0.5447729551055467,1,1,2
3113,0,0.11841630736210387,0,1,1
913,0,0.2016894631882426,0,1,1
2136,0,0.5329070041617953,1,1,2
362,1,0.2299314804105996,0,0,1
3139,0,0.3846901883026354,0,1,2
3022,0,0.523065957146324,1,1,2
3207,0,0.32992541571267164,0,1,2
861,0,0.278993607235501,0,1,2
837,0,0.2546944097390341,0,1,2
1611,0,0.7657992213452142,1,0,1
1117,0,0.24370870794660546,0,1,1
1224,0,0.38119256320384615,0,1,2
420,1,0.14930448907312238,0,0,1
2122,0,0.13127470505277478,0,1,1
1641,0,0.12173505098320647,0,1,1
3246,0,0.23005643974752948,0,1,1
398,1,0.27790850638454756,0,1,2
2257,0,0.4150500517539746,0,1,2
2995,0,0.1516623079726243,0,1,1
855,0,0.3247055389954828,0,1,2
2843,0,0.1872237393894536,0,1,1
1535,0,0.10272751675340723,0,1,1
2301,0,0.24868498172517245,0,1,1
1517,0,0.4383086160875565,0,1,2
1986,0,0.15847939845186665,0,1,1
2593,0,0.3474450685838401,0,1,2
2096,0,0.24870334711857026,0,1,1
2821,0,0.1517706190133005,0,1,1
1624,0,0.325058969792499,0,1,2
2173,0,0.1280092233527525,0,1,1
3118,0,0.25448626375983613,0,1,2
2752,0,0.13967631029865085,0,1,1
261,1,0.5536804971086704,1,1,2
1478,0,0.7637881086683282,1,0,1
660,0,0.5302778808037442,1,1,2
1081,0,0.19268412395495516,0,1,1
2053,0,0.2948340949840998,0,1,2
1318,0,0.5181877295408198,1,1,2
2514,0,0.20912224567503956,0,1,1
41,1,0.5558880243288027,1,1,2
488,0,0.13449060810888105,0,1,1
2907,0,0.20284097875221327,0,1,1
2106,0,0.20968996017507663,0,1,1
2028,0,0.5373473545442576,1,1,2
3156,0,0.10045501658877298,0,1,1
2883,0,0.2500493185194565,0,1,1
335,1,0.5961159473904765,1,1,2
2713,0,0.2890519015994293,0,1,2
379,1,0.6643367001015492,1,1,2
266,1,0.25716710539125365,0,1,2
2388,0,0.1420088265757346,0,1,1
2231,0,0.24422020385737225,0,1,1
1539,0,0.5325924289670502,1,1,2
1673,0,0.19486999477773262,0,1,1
1433,0,0.17119251506418628,0,1,1
3193,0,0.32233857324575843,0,1,2
1610,0,0.11291489841570802,0,1,1
1612,0,0.14921104762806955,0,1,1
1453,0,0.13455174974753886,0,1,1
2101,0,0.1559271725997328,0,1,1
588,0,0.2553406920047647,0,1,2
2299,0,0.40769812230349667,0,1,2
982,0,0.15886965512358253,0,1,1
1237,0,0.3162698892028244,0,1,2
2969,0,0.2867913490211247,0,1,2
2364,0,0.2873294916070714,0,1,2
1980,0,0.12385688946685308,0,1,1
2890,0,0.2271224718090137,0,1,1
2413,0,0.4913343721753866,0,1,2
1943,0,0.16610671332003646,0,1,1
2264,0,0.3887788044949312,0,1,2
2599,0,0.2144798737053095,0,1,1
585,0,0.2664730418297993,0,1,2
1812,0,0.21124477259401403,0,1,1
71,1,0.28213508836038637,0,1,2
231,1,0.1414974976314585,0,0,1
2785,0,0.6997608821057741,1,1,2
1104,0,0.19565271242160281,0,1,1
655,0,0.34620265106795084,0,1,2
1616,0,0.17033000075856636,0,1,1
2649,0,0.3742573585464025,0,1,2
2427,0,0.19755526633644524,0,1,1
237,1,0.708758334124181,1,1,2
1378,0,0.21758783537010026,0,1,1
1474,0,0.3953582463122223,0,1,2
3061,0,0.2880394116663597,0,1,2
1098,0,0.39557099059673234,0,1,2
1205,0,0.5539695948792529,1,1,2
1597,0,0.40748284712693594,0,1,2
858,0,0.1259164805025169,0,1,1
2758,0,0.19168219505302114,0,1,1
3071,0,0.3432664661856542,0,1,2
73,1,0.5641168231504055,1,1,2
950,0,0.24449142976055807,0,1,1
699,0,0.42425887978084675,0,1,2
3195,0,0.2068077478135518,0,1,1
2849,0,0.183909757877547,0,1,1
1233,0,0.19509884213347664,0,1,1
3205,0,0.17594543197337353,0,1,1
1242,0,0.4205660249084047,0,1,2
1293,0,0.4208475446179414,0,1,2
3116,0,0.22963651903530546,0,1,1
2759,0,0.124385870586301,0,1,1
2908,0,0.31607881487954975,0,1,2
2377,0,0.37441952334075557,0,1,2
2061,0,0.0961214469760877,0,1,1
2254,0,0.21532459699072634,0,1,1
226,1,0.7217657449565673,1,1,2
1438,0,0.157050125744795,0,1,1
2277,0,0.3889403751327006,0,1,2
2810,0,0.15521391154475098,0,1,1
2912,0,0.1633747127631912,0,1,1
402,1,0.14195770483386244,0,0,1
2532,0,0.37484899930010906,0,1,2
946,0,0.17101880128661914,0,1,1
57,1,0.1439196734631651,0,0,1
1429,0,0.22308542887436092,0,1,1
857,0,0.45337268375506756,0,1,2
2268,0,0.41595017672402296,0,1,2
1987,0,0.2198657318952879,0,1,1
1097,0,0.3090437269420703,0,1,2
1903,0,0.1351755989879718,0,1,1
850,0,0.41850077653840767,0,1,2
422,1,0.4118004663091843,0,1,2
2496,0,0.1838261327565562,0,1,1
196,1,0.3063123361666806,0,1,2
2893,0,0.5277853877793144,1,1,2
1892,0,0.20174741347520336,0,1,1
2672,0,0.4065206214666137,0,1,2
2440,0,0.26027062969389625,0,1,2
1466,0,0.18437097603979546,0,1,1
648,0,0.19813052255606817,0,1,1
1804,0,0.21919293701982365,0,1,1
2092,0,0.4519082824785247,0,1,2
3153,0,0.38038582188692277,0,1,2
1058,0,0.20441503855321247,0,1,1
2226,0,0.16260769397576955,0,1,1
611,0,0.09119529542004333,0,1,1
1083,0,0.13228241376847732,0,1,1
1167,0,0.5141538308258812,1,1,2
759,0,0.2061760781334188,0,1,1
364,1,0.19878324416789445,0,0,1
3115,0,0.09487053386890267,0,1,1
2055,0,0.21587803880297643,0,1,1
1430,0,0.1298015688928584,0,1,1
1594,0,0.4572100480150942,0,1,2
1291,0,0.18915133513270155,0,1,1
2353,0,0.38761703296416083,0,1,2
2523,0,0.3674976118624136,0,1,2
1676,0,0.21565443471933782,0,1,1
3220,0,0.5142103391266405,1,1,2
2252,0,0.1783220481801319,0,1,1
1414,0,0.27885842002514183,0,1,2
408,1,0.46298118325152837,0,1,2
253,1,0.42421916719772657,0,1,2
1550,0,0.2373872653483772,0,1,1
435,1,0.6620984247380106,1,1,2
2656,0,0.2225132729590652,0,1,1
2971,0,0.6949802686086963,1,1,2
1038,0,0.36763077049396997,0,1,2
1940,0,0.22053842840814245,0,1,1
2143,0,0.19312257928650584,0,1,1
46,1,0.785902013750196,1,1,1
78,1,0.5774998341973622,1,1,2
1509,0,0.21221655075101098,0,1,1
2947,0,0.34263051674949163,0,1,2
1608,0,0.30658786445196207,0,1,2
2965,0,0.23190486779594993,0,1,1
43,1,0.5027749340944467,1,1,2
577,0,0.21397075677444616,0,1,1
1449,0,0.10130173533902337,0,1,1
1587,0,0.12742646549386613,0,1,1
2775,0,0.25333879020625955,0,1,1
1573,0,0.4065538661333614,0,1,2
1116,0,0.19275183114487324,0,1,1
96,1,0.24007785374666296,0,0,1
7,1,0.3642476585516322,0,1,2
827,0,0.1510146913302793,0,1,1
113,1,0.15230937797715624,0,0,1
175,1,0.29364961429838066,0,1,2
3052,0,0.12171424966394562,0,1,1
1642,0,0.0937862833148102,0,1,1
1958,0,0.42517246581576645,0,1,2
2725,0,0.22910976840269942,0,1,1
2520,0,0.16392356424673726,0,1,1
1553,0,0.25971934699847277,0,1,2
2983,0,0.15159506324180222,0,1,1
683,0,0.12316331339251957,0,1,1
1953,0,0.10502822288231099,0,1,1
1338,0,0.1577333288618999,0,1,1
1928,0,0.14881453373833323,0,1,1
407,1,0.11089136749948733,0,0,1
644,0,0.21390659285106361,0,1,1
1973,0,0.22286632748384855,0,1,1
2782,0,0.2578845851703298,0,1,2
580,0,0.4690831473881958,0,1,2
2191,0,0.17526057632508982,0,1,1
472,0,0.3285286256920524,0,1,2
1336,0,0.3717344705411404,0,1,2
1417,0,0.23504035920882965,0,1,1
2162,0,0.2448810272389429,0,1,1
2846,0,0.16645724870384074,0,1,1
1896,0,0.11235244026505058,0,1,1
2432,0,0.2304054667805439,0,1,1
1099,0,0.23374757500528454,0,1,1
1534,0,0.08434051776446776,0,1,1
1755,0,0.24119251671386815,0,1,1
2597,0,0.2818258865792367,0,1,2
2094,0,0.12907553926045118,0,1,1
3004,0,0.10442389645317679,0,1,1
1354,0,0.4682722161338754,0,1,2
618,0,0.16399487707098942,0,1,1
1897,0,0.4675456459721691,0,1,2
659,0,0.7328530032155436,1,1,2
1821,0,0.14672184737953994,0,1,1
1740,0,0.32095030065618074,0,1,2
91,1,0.49958259193641685,0,1,2
2794,0,0.13357753097653494,0,1,1
3067,0,0.40424265375176516,0,1,2
2826,0,0.7032929041168405,1,1,2
39,1,0.6981600876341112,1,1,2
647,0,0.2769188090695864,0,1,2
1288,0,0.1464001493257454,0,1,1
2089,0,0.13066444048783385,0,1,1
2485,0,0.21257166438984293,0,1,1
368,1,0.6793203468675618,1,1,2
664,0,0.17243725222930387,0,1,1
1139,0,0.5325417284328186,1,1,2
1091,0,0.24182274257865313,0,1,1
84,1,0.522555618139633,1,1,2
100,1,0.3414510104868949,0,1,2
1470,0,0.08219329462944014,0,1,1
917,0,0.6578089183936384,1,1,2
2144,0,0.4080523033415172,0,1,2
2663,0,0.2905598903766702,0,1,2
2311,0,0.22397935349338227,0,1,1
3249,0,0.1676705342449165,0,1,1
3198,0,0.42370274690518095,0,1,2
1249,0,0.6450636615038446,1,1,2
3128,0,0.2431799761027123,0,1,1
1142,0,0.14478481409445626,0,1,1
375,1,0.23583323165160058,0,0,1
3064,0,0.1748699951177697,0,1,1
1496,0,0.41746702442373834,0,1,2
1867,0,0.2823739056854257,0,1,2
1017,0,0.5821690034168432,1,1,2
2990,0,0.09124919561156054,0,1,1
960,0,0.1427777106472083,0,1,1
1064,0,0.1594988430773337,0,1,1
1978,0,0.3860158136819332,0,1,2
1503,0,0.1773982304604147,0,1,1
25,1,0.6509796816870079,1,1,2
2735,0,0.10061160551549625,0,1,1
2801,0,0.29647126279557995,0,1,2
2693,0,0.173562734524691,0,1,1
282,1,0.5169914659131635,1,1,2
1231,0,0.13823658628000562,0,1,1
2543,0,0.21128967096911894,0,1,1
2559,0,0.2813076389901392,0,1,2
438,1,0.374484998764435,0,1,2
1085,0,0.09778135224804554,0,1,1
3148,0,0.14253559544034625,0,1,1
1848,0,0.26930507349627636,0,1,2
703,0,0.2531275700237947,0,1,1
166,1,0.2962296888819028,0,1,2
219,1,0.39740607098405933,0,1,2
3160,0,0.1402883593637694,0,1,1
