orig_index,y,p
420,0,0.009009674483001516
548,0,0.0005916641347712552
371,0,0.004908105552478347
503,1,0.9999999999863374
418,0,0.001911766411619649
534,0,0.0015609831746784078
7,1,0.9586047187601101
123,0,0.025385551381929376
325,0,0.0035394974557990126
464,0,0.03314574845036322
345,0,2.8445890830895652e-05
116,0,1.7290381792065606e-05
269,0,0.001514116661883691
438,0,0.030096336095553816
502,0,0.01146244139991058
245,0,0.008120893574833346
533,1,0.9999828721718529
14,1,0.9578587190348657
83,1,0.9973232787388884
554,0,0.12704636519919377
429,0,0.0014183891653705145
120,0,0.0019640729783252002
522,0,0.0003545175504840879
511,0,0.006852686341128842
385,1,0.8199218431456949
64,1,0.9952998990852864
349,0,0.0003005369045200414
556,0,5.016429741267224e-05
294,0,0.0006596912694417168
282,1,0.9999938264464824
347,0,0.23621261016765394
346,0,0.006887150103158031
22,1,0.9744659127821672
468,1,0.9999629090935684
183,0,0.00020828404061961868
130,0,0.002038610546532953
71,0,1.4913365696415974e-06
179,0,0.0003052582034008838
318,0,0.001036055696562829
296,0,5.417533833634369e-06
451,1,0.999958057894285
393,1,0.999999972669197
329,1,0.7817438431079486
169,0,0.025837656104544915
459,0,0.0027694835224144057
98,0,0.002603583275660841
154,0,0.0943599174952981
218,1,0.9999999084731369
448,0,0.17803591976984337
277,1,0.9624952597146309
280,1,0.9999999540093049
456,0,0.21889394616810753
560,0,0.38846491287150164
383,0,0.01992900475196263
34,1,0.9978530642002756
568,0,0.0002606169690780044
74,0,0.005162486633281742
314,0,6.4761480927358845e-06
162,1,0.9999999703174907
216,0,0.024129561122361164
99,1,0.6575709840487598
250,1,0.9999999841785496
433,1,0.9999906063851143
447,0,0.08387564734019118
60,0,9.434023755771603e-05
479,1,0.8986254511716139
190,1,0.5578652846472123
75,1,0.998382825679899
100,1,0.9354034997907485
118,1,0.9999870632727715
505,0,0.0007607154695419824
177,1,0.9857300903447446
483,0,0.02080515431623796
139,0,0.00026597093104238027
308,0,0.00029606111135529404
410,0,0.058493784319752856
275,0,0.01587851498028237
321,1,0.999847425549462
208,0,0.28226524318948704
487,1,0.9999980529476358
39,1,0.9069468697032281
125,0,0.00648518450532742
94,1,0.9928355422198492
188,0,0.0012929780928220408
70,1,0.9999984922890008
222,0,0.0005154825954300097
