Original_Index,Split
0,Dev
1,Dev
2,Dev
3,Dev
4,Dev
5,Dev
6,Dev
7,Dev
8,Dev
9,Dev
10,Dev
11,Dev
12,Dev
13,Dev
14,Dev
15,Dev
16,Dev
17,Dev
18,Dev
19,Dev
20,Holdout
21,Holdout
22,Dev
23,Dev
24,Dev
25,Dev
26,Dev
27,Holdout
28,Dev
29,Dev
30,Dev
31,Holdout
32,Dev
33,Dev
34,Dev
35,Dev
36,Dev
37,Dev
38,Dev
39,Dev
40,Dev
41,Dev
42,Holdout
43,Dev
44,Dev
45,Dev
46,Dev
47,Dev
48,Holdout
49,Dev
50,Dev
51,Dev
52,Dev
53,Dev
54,Dev
55,Dev
56,Holdout
57,Dev
58,Dev
59,Dev
60,Dev
61,Dev
62,Dev
63,Dev
64,Dev
65,Holdout
66,Dev
67,Holdout
68,Dev
69,Holdout
70,Dev
71,Dev
72,Dev
73,Holdout
74,Dev
75,Dev
76,Dev
77,Dev
78,Dev
79,Dev
80,Dev
81,Holdout
82,Dev
83,Dev
84,Dev
85,Holdout
86,Dev
87,Dev
88,Dev
89,Dev
90,Dev
91,Dev
92,Dev
93,Dev
94,Dev
95,Dev
96,Dev
97,Holdout
98,Dev
99,Dev
100,Dev
101,Dev
102,Dev
103,Dev
104,Dev
105,Dev
106,Dev
107,Dev
108,Dev
109,Dev
110,Dev
111,Holdout
112,Dev
113,Dev
114,Dev
115,Dev
116,Dev
117,Dev
118,Dev
119,Dev
120,Dev
121,Dev
122,Dev
123,Dev
124,Dev
125,Dev
126,Dev
127,Dev
128,Dev
129,Dev
130,Holdout
131,Dev
132,Dev
133,Dev
134,Dev
135,Dev
136,Dev
137,Dev
138,Dev
139,Dev
140,Dev
141,Holdout
142,Dev
143,Holdout
144,Dev
145,Dev
146,Dev
147,Holdout
148,Dev
149,Dev
150,Dev
151,Dev
152,Dev
153,Holdout
154,Dev
155,Dev
156,Dev
157,Dev
158,Dev
159,Dev
160,Holdout
161,Dev
162,Holdout
163,Dev
164,Holdout
165,Dev
166,Dev
167,Dev
168,Dev
169,Dev
170,Dev
171,Dev
172,Dev
173,Dev
174,Dev
175,Dev
176,Holdout
177,Holdout
178,Dev
179,Dev
180,Dev
181,Holdout
182,Dev
183,Dev
184,Dev
185,Dev
186,Dev
187,Holdout
188,Dev
189,Dev
190,Dev
191,Dev
192,Dev
193,Dev
194,Dev
195,Holdout
196,Dev
197,Holdout
198,Holdout
199,Dev
200,Dev
201,Dev
202,Holdout
203,Dev
204,Holdout
205,Dev
206,Dev
207,Dev
208,Dev
209,Dev
210,Dev
211,Dev
212,Dev
213,Dev
214,Dev
215,Dev
216,Dev
217,Dev
218,Dev
219,Holdout
220,Dev
221,Dev
222,Dev
223,Dev
224,Dev
225,Dev
226,Dev
227,Holdout
228,Dev
229,Dev
230,Dev
231,Dev
232,Dev
233,Dev
234,Dev
235,Dev
236,Dev
237,Dev
238,Dev
239,Dev
240,Dev
241,Dev
242,Holdout
243,Dev
244,Dev
245,Dev
246,Dev
247,Dev
248,Dev
249,Holdout
250,Dev
251,Dev
252,Dev
253,Holdout
254,Dev
255,Dev
256,Dev
257,Dev
258,Dev
259,Holdout
260,Holdout
261,Dev
262,Dev
263,Dev
264,Dev
265,Dev
266,Dev
267,Dev
268,Dev
269,Holdout
270,Dev
271,Dev
272,Dev
273,Dev
274,Dev
275,Dev
276,Holdout
277,Dev
278,Dev
279,Dev
280,Dev
281,Dev
282,Dev
283,Dev
284,Dev
285,Dev
286,Dev
287,Dev
288,Holdout
289,Dev
290,Dev
291,Dev
292,Dev
293,Holdout
294,Holdout
295,Dev
296,Dev
297,Dev
298,Dev
299,Dev
300,Dev
301,Holdout
302,Dev
303,Dev
304,Holdout
305,Dev
306,Dev
307,Dev
308,Dev
309,Dev
310,Dev
311,Dev
312,Holdout
313,Holdout
314,Dev
315,Dev
316,Dev
317,Dev
318,Dev
319,Dev
320,Dev
321,Dev
322,Dev
323,Dev
324,Dev
325,Dev
326,Holdout
327,Dev
328,Dev
329,Dev
330,Dev
331,Dev
332,Dev
333,Dev
334,Dev
335,Dev
336,Dev
337,Dev
338,Dev
339,Dev
340,Dev
341,Holdout
342,Dev
343,Holdout
344,Dev
345,Dev
346,Dev
347,Dev
348,Holdout
349,Dev
350,Dev
351,Dev
352,Dev
353,Holdout
354,Dev
355,Holdout
356,Dev
357,Dev
358,Dev
359,Dev
360,Dev
361,Dev
362,Dev
363,Holdout
364,Dev
365,Dev
366,Dev
367,Dev
368,Dev
369,Dev
370,Holdout
371,Dev
372,Dev
373,Dev
374,Dev
375,Dev
376,Dev
377,Dev
378,Dev
379,Dev
380,Dev
381,Dev
382,Holdout
383,Holdout
384,Dev
385,Dev
386,Dev
387,Dev
388,Dev
389,Dev
390,Holdout
391,Dev
392,Dev
393,Dev
394,Dev
395,Dev
396,Dev
397,Dev
398,Holdout
399,Holdout
400,Dev
401,Dev
402,Dev
403,Dev
404,Dev
405,Dev
406,Dev
407,Holdout
408,Dev
409,Dev
410,Dev
411,Dev
412,Dev
413,Holdout
414,Dev
415,Dev
416,Dev
417,Dev
418,Dev
419,Dev
420,Dev
421,Dev
422,Holdout
423,Dev
424,Holdout
425,Holdout
426,Dev
427,Dev
428,Dev
429,Dev
430,Dev
431,Dev
432,Dev
433,Dev
434,Holdout
435,Dev
436,Dev
437,Dev
438,Dev
439,Dev
440,Holdout
441,Dev
442,Dev
443,Dev
444,Holdout
445,Dev
446,Dev
447,Dev
448,Dev
449,Dev
450,Holdout
451,Dev
452,Dev
453,Holdout
454,Dev
455,Dev
456,Dev
457,Dev
458,Dev
459,Dev
460,Dev
461,Dev
462,Dev
463,Dev
464,Dev
465,Dev
466,Dev
467,Holdout
468,Dev
469,Dev
470,Holdout
471,Dev
472,Holdout
473,Dev
474,Dev
475,Dev
476,Dev
477,Dev
478,Dev
479,Dev
480,Dev
481,Dev
482,Dev
483,Dev
484,Dev
485,Dev
486,Dev
487,Holdout
488,Holdout
489,Dev
490,Dev
491,Dev
492,Dev
493,Dev
494,Dev
495,Dev
496,Dev
497,Dev
498,Dev
499,Dev
500,Dev
501,Holdout
502,Dev
503,Dev
504,Dev
505,Dev
506,Dev
507,Holdout
508,Dev
509,Dev
510,Dev
511,Dev
512,Dev
513,Dev
514,Dev
515,Dev
516,Dev
517,Dev
518,Dev
519,Dev
520,Dev
521,Dev
522,Dev
523,Dev
524,Holdout
525,Dev
526,Dev
527,Dev
528,Dev
529,Dev
530,Dev
531,Dev
532,Dev
533,Dev
534,Dev
535,Dev
536,Dev
537,Dev
538,Dev
539,Dev
540,Dev
541,Dev
542,Dev
543,Dev
544,Dev
545,Dev
546,Dev
547,Dev
548,Dev
549,Dev
550,Dev
551,Dev
552,Dev
553,Dev
554,Dev
555,Dev
556,Dev
557,Dev
558,Dev
559,Dev
560,Dev
561,Holdout
562,Dev
563,Dev
564,Holdout
565,Dev
566,Dev
567,Dev
568,Dev
569,Holdout
570,Dev
571,Dev
572,Dev
573,Dev
574,Dev
575,Dev
576,Dev
577,Dev
578,Dev
579,Dev
580,Dev
581,Dev
582,Dev
583,Dev
584,Holdout
585,Dev
586,Dev
587,Holdout
588,Dev
589,Dev
590,Holdout
591,Dev
592,Dev
593,Dev
594,Dev
595,Holdout
596,Dev
597,Dev
598,Dev
599,Holdout
600,Dev
601,Dev
602,Dev
603,Dev
604,Dev
605,Dev
606,Dev
607,Dev
608,Dev
609,Dev
610,Dev
611,Dev
612,Dev
613,Dev
614,Dev
615,Holdout
616,Dev
617,Dev
618,Dev
619,Dev
620,Dev
621,Dev
622,Holdout
623,Holdout
624,Dev
625,Dev
626,Dev
627,Dev
628,Dev
629,Dev
630,Holdout
631,Holdout
632,Dev
633,Dev
634,Dev
635,Dev
636,Dev
637,Dev
638,Holdout
639,Dev
640,Dev
641,Dev
642,Dev
643,Dev
644,Dev
645,Dev
646,Dev
647,Dev
648,Dev
649,Dev
650,Dev
651,Dev
652,Dev
653,Dev
654,Holdout
655,Dev
656,Dev
657,Dev
658,Dev
659,Dev
660,Dev
661,Dev
662,Holdout
663,Dev
664,Dev
665,Dev
666,Holdout
667,Holdout
668,Dev
669,Dev
670,Dev
671,Dev
672,Dev
673,Dev
674,Holdout
675,Dev
676,Dev
677,Dev
678,Holdout
679,Holdout
680,Holdout
681,Dev
682,Dev
683,Dev
684,Holdout
685,Dev
686,Dev
687,Dev
688,Dev
689,Dev
690,Dev
691,Dev
692,Dev
693,Dev
694,Dev
695,Dev
696,Dev
697,Dev
698,Dev
699,Dev
700,Dev
701,Dev
702,Dev
703,Dev
704,Dev
705,Holdout
706,Dev
707,Dev
708,Dev
709,Dev
710,Dev
711,Dev
712,Dev
713,Dev
714,Dev
715,Dev
716,Dev
717,Dev
718,Dev
719,Dev
720,Dev
721,Holdout
722,Dev
723,Dev
724,Dev
725,Holdout
726,Dev
727,Dev
728,Dev
729,Dev
730,Dev
731,Dev
732,Dev
733,Holdout
734,Dev
735,Dev
736,Dev
737,Dev
738,Dev
739,Dev
740,Dev
741,Dev
742,Dev
743,Dev
744,Holdout
745,Dev
746,Dev
747,Dev
748,Dev
749,Dev
750,Dev
751,Holdout
752,Dev
753,Dev
754,Dev
755,Dev
756,Dev
757,Dev
758,Dev
759,Dev
760,Dev
761,Dev
762,Dev
763,Dev
764,Dev
765,Dev
766,Dev
767,Dev
768,Dev
769,Dev
770,Dev
771,Dev
772,Dev
773,Dev
774,Dev
775,Dev
776,Dev
777,Dev
778,Dev
779,Holdout
780,Dev
781,Dev
782,Dev
783,Dev
784,Dev
785,Dev
786,Dev
787,Dev
788,Dev
789,Holdout
790,Dev
791,Dev
792,Dev
793,Dev
794,Dev
795,Dev
796,Dev
797,Dev
798,Dev
799,Dev
800,Dev
801,Dev
802,Dev
803,Dev
804,Dev
805,Dev
806,Holdout
807,Dev
808,Dev
809,Dev
810,Dev
811,Dev
812,Dev
813,Dev
814,Dev
815,Dev
816,Dev
817,Dev
818,Dev
819,Holdout
820,Dev
821,Dev
822,Dev
823,Dev
824,Dev
825,Dev
826,Holdout
827,Dev
828,Dev
829,Dev
830,Dev
831,Dev
832,Dev
833,Dev
834,Dev
835,Dev
836,Dev
837,Dev
838,Dev
839,Dev
840,Dev
841,Dev
842,Dev
843,Dev
844,Dev
845,Dev
846,Dev
847,Dev
848,Dev
849,Dev
850,Holdout
851,Dev
852,Dev
853,Dev
854,Dev
855,Dev
856,Dev
857,Dev
858,Dev
859,Holdout
860,Dev
861,Dev
862,Dev
863,Dev
864,Dev
865,Holdout
866,Dev
867,Dev
868,Dev
869,Dev
870,Holdout
871,Holdout
872,Dev
873,Dev
874,Dev
875,Dev
876,Dev
877,Dev
878,Dev
879,Dev
880,Dev
881,Dev
882,Holdout
883,Dev
884,Dev
885,Dev
886,Holdout
887,Dev
888,Holdout
889,Dev
890,Dev
891,Dev
892,Dev
893,Holdout
894,Dev
895,Holdout
896,Holdout
897,Dev
898,Dev
899,Dev
900,Holdout
901,Dev
902,Dev
903,Dev
904,Dev
905,Dev
906,Dev
907,Dev
908,Dev
909,Dev
910,Dev
911,Dev
912,Dev
913,Dev
914,Dev
915,Dev
916,Dev
917,Dev
918,Holdout
919,Dev
920,Dev
921,Dev
922,Dev
923,Dev
924,Dev
925,Dev
926,Dev
927,Dev
928,Dev
929,Dev
930,Dev
931,Dev
932,Dev
933,Dev
934,Dev
935,Dev
936,Dev
937,Dev
938,Dev
939,Dev
940,Dev
941,Dev
942,Dev
943,Dev
944,Dev
945,Dev
946,Dev
947,Dev
948,Dev
949,Dev
950,Dev
951,Dev
952,Dev
953,Dev
954,Dev
955,Holdout
956,Dev
957,Dev
958,Holdout
959,Dev
960,Dev
961,Dev
962,Holdout
963,Dev
964,Dev
965,Dev
966,Dev
967,Dev
968,Dev
969,Holdout
970,Dev
971,Dev
972,Dev
973,Dev
974,Holdout
975,Dev
976,Dev
977,Dev
978,Dev
979,Holdout
980,Dev
981,Dev
982,Dev
983,Dev
984,Dev
985,Dev
986,Dev
987,Dev
988,Dev
989,Dev
990,Dev
991,Dev
992,Holdout
993,Holdout
994,Dev
995,Dev
996,Dev
997,Holdout
998,Dev
999,Dev
1000,Dev
1001,Dev
1002,Dev
1003,Dev
1004,Dev
1005,Dev
1006,Dev
1007,Dev
1008,Holdout
1009,Dev
1010,Dev
1011,Dev
1012,Dev
1013,Dev
1014,Dev
1015,Dev
1016,Dev
1017,Dev
1018,Dev
1019,Holdout
1020,Dev
1021,Dev
1022,Dev
1023,Dev
1024,Dev
1025,Dev
1026,Dev
1027,Dev
1028,Dev
1029,Dev
1030,Dev
1031,Holdout
1032,Dev
1033,Dev
1034,Dev
1035,Dev
1036,Dev
1037,Dev
1038,Dev
1039,Dev
1040,Dev
1041,Dev
1042,Dev
1043,Dev
1044,Dev
1045,Holdout
1046,Dev
1047,Dev
1048,Holdout
1049,Dev
1050,Dev
1051,Dev
1052,Dev
1053,Dev
1054,Holdout
1055,Dev
1056,Dev
1057,Dev
1058,Dev
1059,Holdout
1060,Dev
1061,Dev
1062,Dev
1063,Dev
1064,Dev
1065,Dev
1066,Dev
1067,Dev
1068,Holdout
1069,Dev
1070,Dev
1071,Holdout
1072,Holdout
1073,Dev
1074,Dev
1075,Dev
1076,Dev
1077,Dev
1078,Holdout
1079,Dev
1080,Dev
1081,Dev
1082,Dev
1083,Holdout
1084,Dev
1085,Dev
1086,Dev
1087,Dev
1088,Dev
1089,Holdout
1090,Dev
1091,Dev
1092,Dev
1093,Dev
1094,Dev
1095,Dev
1096,Holdout
1097,Dev
1098,Dev
1099,Dev
1100,Dev
1101,Dev
1102,Dev
1103,Dev
1104,Dev
1105,Dev
1106,Dev
1107,Dev
1108,Dev
1109,Dev
1110,Dev
1111,Holdout
1112,Dev
1113,Dev
1114,Dev
1115,Dev
1116,Dev
1117,Holdout
1118,Dev
1119,Holdout
1120,Dev
1121,Dev
1122,Dev
1123,Dev
1124,Dev
1125,Dev
1126,Dev
1127,Dev
1128,Dev
1129,Dev
1130,Dev
1131,Dev
1132,Dev
1133,Dev
1134,Holdout
1135,Dev
1136,Holdout
1137,Dev
1138,Holdout
1139,Dev
1140,Dev
1141,Dev
1142,Dev
1143,Dev
1144,Dev
1145,Holdout
1146,Dev
1147,Holdout
1148,Dev
1149,Dev
1150,Dev
1151,Holdout
1152,Holdout
1153,Holdout
1154,Dev
1155,Dev
1156,Dev
1157,Dev
1158,Dev
1159,Holdout
1160,Dev
1161,Holdout
1162,Dev
1163,Dev
1164,Dev
1165,Holdout
1166,Dev
1167,Dev
1168,Dev
1169,Dev
1170,Holdout
1171,Dev
1172,Dev
1173,Holdout
1174,Holdout
1175,Dev
1176,Dev
1177,Dev
1178,Holdout
1179,Dev
1180,Dev
1181,Dev
1182,Dev
1183,Dev
1184,Dev
1185,Dev
1186,Dev
1187,Dev
1188,Dev
1189,Dev
1190,Dev
1191,Dev
1192,Dev
1193,Dev
1194,Dev
1195,Dev
1196,Holdout
1197,Dev
1198,Holdout
1199,Holdout
1200,Dev
1201,Dev
1202,Dev
1203,Dev
1204,Dev
1205,Holdout
1206,Dev
1207,Dev
1208,Dev
1209,Dev
1210,Dev
1211,Dev
1212,Dev
1213,Dev
1214,Dev
1215,Dev
1216,Holdout
1217,Holdout
1218,Dev
1219,Dev
1220,Holdout
1221,Holdout
1222,Dev
1223,Dev
1224,Dev
1225,Dev
1226,Dev
1227,Holdout
1228,Dev
1229,Dev
1230,Dev
1231,Dev
1232,Dev
1233,Dev
1234,Dev
1235,Dev
1236,Dev
1237,Dev
1238,Dev
1239,Dev
1240,Dev
1241,Dev
1242,Dev
1243,Dev
1244,Dev
1245,Dev
1246,Dev
1247,Dev
1248,Dev
1249,Dev
1250,Dev
1251,Dev
1252,Holdout
1253,Dev
1254,Dev
1255,Dev
1256,Dev
1257,Dev
1258,Dev
1259,Holdout
1260,Dev
1261,Dev
1262,Dev
1263,Dev
1264,Dev
1265,Dev
1266,Holdout
1267,Dev
1268,Dev
1269,Dev
1270,Dev
1271,Dev
1272,Dev
1273,Dev
1274,Dev
1275,Dev
1276,Dev
1277,Dev
1278,Dev
1279,Dev
1280,Dev
1281,Dev
1282,Dev
1283,Dev
1284,Holdout
1285,Dev
1286,Dev
1287,Holdout
1288,Dev
1289,Dev
1290,Holdout
1291,Dev
1292,Dev
1293,Dev
1294,Dev
1295,Holdout
1296,Dev
1297,Holdout
1298,Dev
1299,Dev
1300,Dev
1301,Holdout
1302,Dev
1303,Dev
1304,Dev
1305,Dev
1306,Dev
1307,Holdout
1308,Dev
1309,Dev
1310,Dev
1311,Dev
1312,Dev
1313,Dev
1314,Dev
1315,Holdout
1316,Dev
1317,Dev
1318,Dev
1319,Holdout
1320,Dev
1321,Holdout
1322,Dev
1323,Dev
1324,Dev
1325,Dev
1326,Dev
1327,Dev
1328,Holdout
1329,Dev
1330,Dev
1331,Dev
1332,Dev
1333,Dev
1334,Dev
1335,Dev
1336,Dev
1337,Dev
1338,Dev
1339,Holdout
1340,Dev
1341,Dev
1342,Dev
1343,Dev
1344,Dev
1345,Dev
1346,Dev
1347,Dev
1348,Dev
1349,Dev
1350,Dev
1351,Dev
1352,Dev
1353,Dev
1354,Dev
1355,Dev
1356,Dev
1357,Holdout
1358,Dev
1359,Dev
1360,Dev
1361,Holdout
1362,Dev
1363,Holdout
1364,Dev
1365,Holdout
1366,Dev
1367,Dev
1368,Dev
1369,Dev
1370,Dev
1371,Holdout
1372,Dev
1373,Dev
1374,Dev
1375,Dev
1376,Dev
1377,Dev
1378,Dev
1379,Dev
1380,Dev
1381,Dev
1382,Dev
1383,Holdout
1384,Holdout
1385,Dev
1386,Dev
1387,Dev
1388,Dev
1389,Dev
1390,Holdout
1391,Dev
1392,Dev
1393,Holdout
1394,Dev
1395,Dev
1396,Dev
1397,Dev
1398,Dev
1399,Dev
1400,Holdout
1401,Dev
1402,Dev
1403,Dev
1404,Dev
1405,Dev
1406,Holdout
1407,Holdout
1408,Holdout
1409,Dev
1410,Holdout
1411,Dev
1412,Dev
1413,Dev
1414,Dev
1415,Dev
1416,Dev
1417,Dev
1418,Dev
1419,Dev
1420,Dev
1421,Dev
1422,Dev
1423,Dev
1424,Dev
1425,Dev
1426,Dev
1427,Holdout
1428,Dev
1429,Dev
1430,Dev
1431,Dev
1432,Dev
1433,Dev
1434,Dev
1435,Dev
1436,Dev
1437,Dev
1438,Dev
1439,Dev
1440,Dev
1441,Dev
1442,Dev
1443,Dev
1444,Dev
1445,Dev
1446,Dev
1447,Dev
1448,Dev
1449,Holdout
1450,Dev
1451,Dev
1452,Dev
1453,Holdout
1454,Dev
1455,Dev
1456,Dev
1457,Dev
1458,Dev
1459,Dev
1460,Dev
1461,Dev
1462,Dev
1463,Dev
1464,Dev
1465,Dev
1466,Dev
1467,Dev
1468,Dev
1469,Dev
1470,Dev
1471,Dev
1472,Dev
1473,Dev
1474,Dev
1475,Dev
1476,Dev
1477,Dev
1478,Dev
1479,Dev
1480,Dev
1481,Dev
1482,Dev
1483,Dev
1484,Dev
1485,Dev
1486,Dev
1487,Dev
1488,Holdout
1489,Holdout
1490,Holdout
1491,Holdout
1492,Dev
1493,Holdout
1494,Holdout
1495,Dev
1496,Dev
1497,Dev
1498,Dev
1499,Dev
1500,Dev
1501,Dev
1502,Dev
1503,Dev
1504,Dev
1505,Dev
1506,Dev
1507,Holdout
1508,Holdout
1509,Dev
1510,Dev
1511,Holdout
1512,Dev
1513,Dev
1514,Dev
1515,Dev
1516,Holdout
1517,Dev
1518,Dev
1519,Dev
1520,Dev
1521,Dev
1522,Dev
1523,Dev
1524,Dev
1525,Dev
1526,Dev
1527,Holdout
1528,Holdout
1529,Dev
1530,Dev
1531,Holdout
1532,Holdout
1533,Dev
1534,Dev
1535,Dev
1536,Dev
1537,Dev
1538,Dev
1539,Dev
1540,Dev
1541,Dev
1542,Dev
1543,Dev
1544,Dev
1545,Holdout
1546,Dev
1547,Dev
1548,Dev
1549,Holdout
1550,Dev
1551,Dev
1552,Dev
1553,Holdout
1554,Dev
1555,Dev
1556,Dev
1557,Holdout
1558,Holdout
1559,Dev
1560,Dev
1561,Dev
1562,Dev
1563,Dev
1564,Dev
1565,Holdout
1566,Dev
1567,Dev
1568,Dev
1569,Dev
1570,Dev
1571,Dev
1572,Dev
1573,Dev
1574,Dev
1575,Dev
1576,Holdout
1577,Dev
1578,Dev
1579,Dev
1580,Dev
1581,Dev
1582,Dev
1583,Holdout
1584,Dev
1585,Dev
1586,Dev
1587,Dev
1588,Dev
1589,Holdout
1590,Dev
1591,Dev
1592,Dev
1593,Dev
1594,Dev
1595,Dev
1596,Dev
1597,Dev
1598,Holdout
1599,Dev
1600,Holdout
1601,Dev
1602,Dev
1603,Dev
1604,Dev
1605,Dev
1606,Dev
1607,Dev
1608,Dev
1609,Dev
1610,Dev
1611,Holdout
1612,Dev
1613,Dev
1614,Dev
1615,Dev
1616,Dev
1617,Dev
1618,Holdout
1619,Holdout
1620,Holdout
1621,Dev
1622,Dev
1623,Dev
1624,Dev
1625,Holdout
1626,Holdout
1627,Dev
1628,Dev
1629,Dev
1630,Dev
1631,Dev
1632,Dev
1633,Dev
1634,Dev
1635,Dev
1636,Holdout
1637,Dev
1638,Dev
1639,Holdout
1640,Dev
1641,Dev
1642,Dev
1643,Dev
1644,Dev
1645,Dev
1646,Dev
1647,Dev
1648,Dev
1649,Dev
1650,Dev
1651,Dev
1652,Dev
1653,Dev
1654,Dev
1655,Dev
1656,Dev
1657,Dev
1658,Dev
1659,Dev
1660,Dev
1661,Holdout
1662,Dev
1663,Dev
1664,Dev
1665,Holdout
1666,Holdout
1667,Dev
1668,Dev
1669,Holdout
1670,Dev
1671,Dev
1672,Dev
1673,Dev
1674,Holdout
1675,Dev
1676,Dev
1677,Holdout
1678,Holdout
1679,Dev
1680,Dev
1681,Dev
1682,Dev
1683,Dev
1684,Holdout
1685,Dev
1686,Dev
1687,Holdout
1688,Dev
1689,Holdout
1690,Dev
1691,Dev
1692,Dev
1693,Dev
1694,Dev
1695,Dev
1696,Dev
1697,Holdout
1698,Holdout
1699,Dev
1700,Holdout
1701,Dev
1702,Holdout
1703,Holdout
1704,Holdout
1705,Dev
1706,Dev
1707,Dev
1708,Holdout
1709,Dev
1710,Dev
1711,Dev
1712,Holdout
1713,Dev
1714,Dev
1715,Dev
1716,Dev
1717,Holdout
1718,Dev
1719,Dev
1720,Dev
1721,Dev
1722,Dev
1723,Dev
1724,Dev
1725,Dev
1726,Dev
1727,Dev
1728,Dev
1729,Dev
1730,Dev
1731,Dev
1732,Holdout
1733,Dev
1734,Dev
1735,Holdout
1736,Holdout
1737,Dev
1738,Dev
1739,Dev
1740,Dev
1741,Dev
1742,Dev
1743,Dev
1744,Dev
1745,Dev
1746,Dev
1747,Dev
1748,Dev
1749,Dev
1750,Dev
1751,Dev
1752,Dev
1753,Dev
1754,Dev
1755,Dev
1756,Dev
1757,Dev
1758,Dev
1759,Dev
1760,Dev
1761,Dev
1762,Dev
1763,Dev
1764,Dev
1765,Dev
1766,Dev
1767,Holdout
1768,Dev
1769,Dev
1770,Holdout
1771,Holdout
1772,Dev
1773,Dev
1774,Holdout
1775,Dev
1776,Holdout
1777,Dev
1778,Dev
1779,Dev
1780,Dev
1781,Dev
1782,Dev
1783,Dev
1784,Dev
1785,Holdout
1786,Dev
1787,Dev
1788,Dev
1789,Dev
1790,Dev
1791,Dev
1792,Dev
1793,Dev
1794,Dev
1795,Dev
1796,Dev
1797,Dev
1798,Dev
1799,Holdout
1800,Dev
1801,Dev
1802,Holdout
1803,Dev
1804,Dev
1805,Dev
1806,Dev
1807,Dev
1808,Holdout
1809,Dev
1810,Dev
1811,Dev
1812,Dev
1813,Dev
1814,Dev
1815,Dev
1816,Dev
1817,Dev
1818,Dev
1819,Dev
1820,Dev
1821,Dev
1822,Dev
1823,Holdout
1824,Dev
1825,Dev
1826,Dev
1827,Dev
1828,Dev
1829,Dev
1830,Dev
1831,Dev
1832,Dev
1833,Dev
1834,Holdout
1835,Dev
1836,Dev
1837,Dev
1838,Dev
1839,Dev
1840,Dev
1841,Dev
1842,Holdout
1843,Dev
1844,Dev
1845,Dev
1846,Holdout
1847,Dev
1848,Dev
1849,Dev
1850,Dev
1851,Holdout
1852,Dev
1853,Dev
1854,Dev
1855,Dev
1856,Dev
1857,Dev
1858,Dev
1859,Dev
1860,Holdout
1861,Dev
1862,Dev
1863,Holdout
1864,Dev
1865,Dev
1866,Holdout
1867,Dev
1868,Dev
1869,Holdout
1870,Dev
1871,Dev
1872,Dev
1873,Dev
1874,Dev
1875,Holdout
1876,Dev
1877,Dev
1878,Dev
1879,Dev
1880,Dev
1881,Dev
1882,Dev
1883,Dev
1884,Dev
1885,Dev
1886,Dev
1887,Dev
1888,Dev
1889,Dev
1890,Dev
1891,Dev
1892,Dev
1893,Dev
1894,Dev
1895,Dev
1896,Dev
1897,Holdout
1898,Dev
1899,Dev
1900,Dev
1901,Dev
1902,Dev
1903,Dev
1904,Dev
1905,Dev
1906,Dev
1907,Dev
1908,Dev
1909,Dev
1910,Dev
1911,Dev
1912,Dev
1913,Dev
1914,Dev
1915,Dev
1916,Dev
1917,Holdout
1918,Dev
1919,Dev
1920,Dev
1921,Dev
1922,Dev
1923,Dev
1924,Dev
1925,Holdout
1926,Dev
1927,Dev
1928,Dev
1929,Dev
1930,Dev
1931,Dev
1932,Dev
1933,Dev
1934,Dev
1935,Holdout
1936,Dev
1937,Dev
1938,Dev
1939,Holdout
1940,Dev
1941,Holdout
1942,Dev
1943,Dev
1944,Dev
1945,Dev
1946,Dev
1947,Dev
1948,Dev
1949,Dev
1950,Dev
1951,Dev
1952,Dev
1953,Dev
1954,Dev
1955,Dev
1956,Dev
1957,Dev
1958,Dev
1959,Dev
1960,Dev
1961,Dev
1962,Holdout
1963,Dev
1964,Dev
1965,Dev
1966,Dev
1967,Dev
1968,Dev
1969,Dev
1970,Dev
1971,Dev
1972,Holdout
1973,Dev
1974,Dev
1975,Dev
1976,Dev
1977,Dev
1978,Dev
1979,Dev
1980,Holdout
1981,Holdout
1982,Dev
1983,Dev
1984,Dev
1985,Dev
1986,Dev
1987,Holdout
1988,Dev
1989,Dev
1990,Dev
1991,Dev
1992,Dev
1993,Dev
1994,Dev
1995,Dev
1996,Dev
1997,Dev
1998,Dev
1999,Dev
2000,Dev
2001,Dev
2002,Dev
2003,Dev
2004,Dev
2005,Dev
2006,Holdout
2007,Dev
2008,Dev
2009,Dev
2010,Dev
2011,Holdout
2012,Holdout
2013,Dev
2014,Dev
2015,Dev
2016,Holdout
2017,Dev
2018,Holdout
2019,Dev
2020,Dev
2021,Dev
2022,Dev
2023,Dev
2024,Dev
2025,Dev
2026,Dev
2027,Dev
2028,Dev
2029,Dev
2030,Dev
2031,Dev
2032,Dev
2033,Dev
2034,Dev
2035,Dev
2036,Dev
2037,Dev
2038,Dev
2039,Dev
2040,Dev
2041,Dev
2042,Dev
2043,Dev
2044,Dev
2045,Dev
2046,Holdout
2047,Dev
2048,Dev
2049,Dev
2050,Dev
2051,Dev
2052,Dev
2053,Dev
2054,Holdout
2055,Dev
2056,Holdout
2057,Dev
2058,Dev
2059,Holdout
2060,Dev
2061,Holdout
2062,Holdout
2063,Dev
2064,Dev
2065,Dev
2066,Dev
2067,Dev
2068,Dev
2069,Dev
2070,Dev
2071,Dev
2072,Holdout
2073,Holdout
2074,Dev
2075,Dev
2076,Dev
2077,Holdout
2078,Dev
2079,Dev
2080,Dev
2081,Dev
2082,Holdout
2083,Dev
2084,Dev
2085,Dev
2086,Dev
2087,Dev
2088,Dev
2089,Dev
2090,Dev
2091,Dev
2092,Dev
2093,Dev
2094,Holdout
2095,Dev
2096,Dev
2097,Dev
2098,Dev
2099,Dev
2100,Holdout
2101,Dev
2102,Holdout
2103,Dev
2104,Dev
2105,Dev
2106,Dev
2107,Holdout
2108,Holdout
2109,Holdout
2110,Holdout
2111,Dev
2112,Dev
2113,Dev
2114,Dev
2115,Holdout
2116,Dev
2117,Dev
2118,Dev
2119,Dev
2120,Dev
2121,Dev
2122,Dev
2123,Holdout
2124,Dev
2125,Dev
2126,Dev
2127,Dev
2128,Dev
2129,Dev
2130,Dev
2131,Dev
2132,Dev
2133,Dev
2134,Dev
2135,Dev
2136,Dev
2137,Dev
2138,Dev
2139,Dev
2140,Dev
2141,Dev
2142,Dev
2143,Dev
2144,Dev
2145,Dev
2146,Dev
2147,Dev
2148,Dev
2149,Dev
2150,Dev
2151,Dev
2152,Holdout
2153,Dev
2154,Dev
2155,Dev
2156,Dev
2157,Dev
2158,Dev
2159,Dev
2160,Dev
2161,Dev
2162,Holdout
2163,Dev
2164,Dev
2165,Dev
2166,Dev
2167,Dev
2168,Holdout
2169,Dev
2170,Dev
2171,Dev
2172,Holdout
2173,Dev
2174,Dev
2175,Dev
2176,Dev
2177,Dev
2178,Dev
2179,Dev
2180,Holdout
2181,Dev
2182,Holdout
2183,Dev
2184,Dev
2185,Dev
2186,Dev
2187,Dev
2188,Holdout
2189,Dev
2190,Dev
2191,Dev
2192,Dev
2193,Dev
2194,Dev
2195,Dev
2196,Dev
2197,Dev
2198,Dev
2199,Dev
2200,Dev
2201,Dev
2202,Dev
2203,Dev
2204,Dev
2205,Dev
2206,Dev
2207,Dev
2208,Dev
2209,Dev
2210,Dev
2211,Dev
2212,Dev
2213,Dev
2214,Dev
2215,Dev
2216,Dev
2217,Holdout
2218,Dev
2219,Dev
2220,Holdout
2221,Dev
2222,Holdout
2223,Dev
2224,Holdout
2225,Dev
2226,Dev
2227,Dev
2228,Dev
2229,Holdout
2230,Dev
2231,Dev
2232,Dev
2233,Dev
2234,Holdout
2235,Dev
2236,Dev
2237,Dev
2238,Dev
2239,Dev
2240,Dev
2241,Dev
2242,Dev
2243,Dev
2244,Dev
2245,Dev
2246,Dev
2247,Holdout
2248,Dev
2249,Holdout
2250,Holdout
2251,Dev
2252,Dev
2253,Dev
2254,Dev
2255,Dev
2256,Dev
2257,Dev
2258,Dev
2259,Dev
2260,Dev
2261,Dev
2262,Dev
2263,Dev
2264,Holdout
2265,Holdout
2266,Dev
2267,Dev
2268,Dev
2269,Holdout
2270,Dev
2271,Dev
2272,Dev
2273,Dev
2274,Holdout
2275,Holdout
2276,Dev
2277,Dev
2278,Dev
2279,Dev
2280,Dev
2281,Dev
2282,Dev
2283,Holdout
2284,Dev
2285,Holdout
2286,Holdout
2287,Dev
2288,Holdout
2289,Dev
2290,Dev
2291,Dev
2292,Dev
2293,Dev
2294,Holdout
2295,Holdout
2296,Dev
2297,Holdout
2298,Dev
2299,Dev
2300,Dev
2301,Dev
2302,Dev
2303,Dev
2304,Dev
2305,Holdout
2306,Dev
2307,Holdout
2308,Dev
2309,Dev
2310,Dev
2311,Dev
2312,Dev
2313,Holdout
2314,Dev
2315,Dev
2316,Dev
2317,Dev
2318,Dev
2319,Dev
2320,Dev
2321,Dev
2322,Dev
2323,Dev
2324,Dev
2325,Holdout
2326,Holdout
2327,Dev
2328,Dev
2329,Dev
2330,Dev
2331,Dev
2332,Dev
2333,Dev
2334,Dev
2335,Dev
2336,Dev
2337,Dev
2338,Dev
2339,Dev
2340,Dev
2341,Dev
2342,Dev
2343,Holdout
2344,Dev
2345,Dev
2346,Dev
2347,Dev
2348,Dev
2349,Holdout
2350,Holdout
2351,Holdout
2352,Dev
2353,Dev
2354,Dev
2355,Dev
2356,Dev
2357,Dev
2358,Dev
2359,Dev
2360,Holdout
2361,Dev
2362,Dev
2363,Dev
2364,Dev
2365,Dev
2366,Holdout
2367,Dev
2368,Dev
2369,Dev
2370,Dev
2371,Dev
2372,Dev
2373,Dev
2374,Dev
2375,Dev
2376,Dev
2377,Dev
2378,Dev
2379,Dev
2380,Holdout
2381,Dev
2382,Dev
2383,Dev
2384,Dev
2385,Dev
2386,Dev
2387,Holdout
2388,Dev
2389,Holdout
2390,Dev
2391,Dev
2392,Holdout
2393,Dev
2394,Dev
2395,Holdout
2396,Dev
2397,Dev
2398,Dev
2399,Holdout
2400,Dev
2401,Dev
2402,Dev
2403,Dev
2404,Holdout
2405,Dev
2406,Dev
2407,Dev
2408,Dev
2409,Dev
2410,Dev
2411,Holdout
2412,Dev
2413,Dev
2414,Holdout
2415,Dev
2416,Dev
2417,Dev
2418,Holdout
2419,Dev
2420,Dev
2421,Dev
2422,Dev
2423,Dev
2424,Dev
2425,Dev
2426,Dev
2427,Dev
2428,Dev
2429,Dev
2430,Dev
2431,Dev
2432,Dev
2433,Dev
2434,Dev
2435,Dev
2436,Dev
2437,Dev
2438,Dev
2439,Holdout
2440,Dev
2441,Holdout
2442,Dev
2443,Dev
2444,Dev
2445,Dev
2446,Dev
2447,Dev
2448,Dev
2449,Dev
2450,Dev
2451,Holdout
2452,Dev
2453,Dev
2454,Dev
2455,Dev
2456,Dev
2457,Dev
2458,Dev
2459,Dev
2460,Dev
2461,Dev
2462,Holdout
2463,Dev
2464,Dev
2465,Dev
2466,Dev
2467,Dev
2468,Dev
2469,Holdout
2470,Dev
2471,Dev
2472,Dev
2473,Dev
2474,Dev
2475,Dev
2476,Dev
2477,Dev
2478,Dev
2479,Dev
2480,Dev
2481,Holdout
2482,Dev
2483,Dev
2484,Holdout
2485,Dev
2486,Dev
2487,Dev
2488,Dev
2489,Dev
2490,Holdout
2491,Dev
2492,Dev
2493,Dev
2494,Dev
2495,Holdout
2496,Dev
2497,Dev
2498,Dev
2499,Holdout
2500,Dev
2501,Dev
2502,Dev
2503,Dev
2504,Dev
2505,Dev
2506,Holdout
2507,Dev
2508,Dev
2509,Dev
2510,Dev
2511,Dev
2512,Dev
2513,Dev
2514,Dev
2515,Dev
2516,Dev
2517,Dev
2518,Dev
2519,Holdout
2520,Dev
2521,Dev
2522,Dev
2523,Holdout
2524,Dev
2525,Dev
2526,Dev
2527,Dev
2528,Dev
2529,Dev
2530,Holdout
2531,Holdout
2532,Dev
2533,Dev
2534,Dev
2535,Dev
2536,Dev
2537,Dev
2538,Dev
2539,Dev
2540,Holdout
2541,Dev
2542,Dev
2543,Dev
2544,Dev
2545,Dev
2546,Holdout
2547,Dev
2548,Dev
2549,Dev
2550,Dev
2551,Dev
2552,Dev
2553,Dev
2554,Dev
2555,Dev
2556,Dev
2557,Holdout
2558,Dev
2559,Dev
2560,Dev
2561,Holdout
2562,Dev
2563,Dev
2564,Dev
2565,Dev
2566,Dev
2567,Dev
2568,Dev
2569,Dev
2570,Dev
2571,Holdout
2572,Dev
2573,Dev
2574,Dev
2575,Dev
2576,Holdout
2577,Dev
2578,Dev
2579,Dev
2580,Dev
2581,Dev
2582,Dev
2583,Holdout
2584,Holdout
2585,Dev
2586,Dev
2587,Dev
2588,Holdout
2589,Dev
2590,Dev
2591,Dev
2592,Dev
2593,Dev
2594,Dev
2595,Dev
2596,Dev
2597,Dev
2598,Dev
2599,Dev
2600,Holdout
2601,Dev
2602,Dev
2603,Dev
2604,Dev
2605,Dev
2606,Dev
2607,Dev
2608,Holdout
2609,Dev
2610,Dev
2611,Dev
2612,Dev
2613,Dev
2614,Dev
2615,Dev
2616,Dev
2617,Dev
2618,Dev
2619,Dev
2620,Dev
2621,Dev
2622,Dev
2623,Dev
2624,Dev
2625,Dev
2626,Dev
2627,Dev
2628,Dev
2629,Dev
2630,Dev
2631,Holdout
2632,Dev
2633,Dev
2634,Dev
2635,Dev
2636,Holdout
2637,Dev
2638,Dev
2639,Dev
2640,Dev
2641,Dev
2642,Dev
2643,Holdout
2644,Dev
2645,Dev
2646,Holdout
2647,Dev
2648,Dev
2649,Dev
2650,Dev
2651,Dev
2652,Holdout
2653,Dev
2654,Holdout
2655,Dev
2656,Dev
2657,Dev
2658,Dev
2659,Dev
2660,Dev
2661,Holdout
2662,Dev
2663,Dev
2664,Dev
2665,Dev
2666,Holdout
2667,Dev
2668,Dev
2669,Holdout
2670,Dev
2671,Dev
2672,Holdout
2673,Dev
2674,Dev
2675,Holdout
2676,Dev
2677,Dev
2678,Dev
2679,Dev
2680,Dev
2681,Holdout
2682,Dev
2683,Dev
2684,Dev
2685,Dev
2686,Dev
2687,Dev
2688,Dev
2689,Dev
2690,Dev
2691,Dev
2692,Holdout
2693,Dev
2694,Dev
2695,Dev
2696,Holdout
2697,Dev
2698,Dev
2699,Dev
2700,Dev
2701,Dev
2702,Dev
2703,Dev
2704,Dev
2705,Dev
2706,Dev
2707,Dev
2708,Dev
2709,Dev
2710,Holdout
2711,Dev
2712,Dev
2713,Dev
2714,Dev
2715,Dev
2716,Dev
2717,Dev
2718,Dev
2719,Dev
2720,Dev
2721,Dev
2722,Dev
2723,Dev
2724,Dev
2725,Dev
2726,Dev
2727,Dev
2728,Dev
2729,Dev
2730,Dev
2731,Dev
2732,Dev
2733,Dev
2734,Dev
2735,Dev
2736,Dev
2737,Dev
2738,Dev
2739,Dev
2740,Dev
2741,Dev
2742,Dev
2743,Dev
2744,Holdout
2745,Dev
2746,Dev
2747,Dev
2748,Holdout
2749,Dev
2750,Holdout
2751,Dev
2752,Dev
2753,Dev
2754,Dev
2755,Holdout
2756,Dev
2757,Dev
2758,Dev
2759,Dev
2760,Dev
2761,Dev
2762,Dev
2763,Dev
2764,Dev
2765,Dev
2766,Dev
2767,Dev
2768,Dev
2769,Holdout
2770,Dev
2771,Dev
2772,Dev
2773,Dev
2774,Dev
2775,Dev
2776,Dev
2777,Dev
2778,Holdout
2779,Dev
2780,Dev
2781,Dev
2782,Dev
2783,Dev
2784,Dev
2785,Dev
2786,Dev
2787,Dev
2788,Dev
2789,Dev
2790,Dev
2791,Dev
2792,Holdout
2793,Dev
2794,Dev
2795,Dev
2796,Dev
2797,Dev
2798,Dev
2799,Dev
2800,Dev
2801,Holdout
2802,Dev
2803,Dev
2804,Dev
2805,Dev
2806,Dev
2807,Holdout
2808,Holdout
2809,Holdout
2810,Holdout
2811,Dev
2812,Dev
2813,Dev
2814,Dev
2815,Holdout
2816,Dev
2817,Dev
2818,Dev
2819,Dev
2820,Dev
2821,Dev
2822,Dev
2823,Dev
2824,Holdout
2825,Dev
2826,Dev
2827,Dev
2828,Dev
2829,Dev
2830,Dev
2831,Dev
2832,Dev
2833,Dev
2834,Dev
2835,Dev
2836,Dev
2837,Dev
2838,Dev
2839,Dev
2840,Dev
2841,Dev
2842,Dev
2843,Dev
2844,Dev
2845,Dev
2846,Dev
2847,Holdout
2848,Dev
2849,Dev
2850,Holdout
2851,Dev
2852,Dev
2853,Dev
2854,Dev
2855,Holdout
2856,Dev
2857,Dev
2858,Dev
2859,Dev
2860,Dev
2861,Dev
2862,Dev
2863,Dev
2864,Dev
2865,Dev
2866,Dev
2867,Holdout
2868,Dev
2869,Holdout
2870,Dev
2871,Dev
2872,Dev
2873,Dev
2874,Dev
2875,Dev
2876,Dev
2877,Dev
2878,Holdout
2879,Dev
2880,Dev
2881,Holdout
2882,Dev
2883,Dev
2884,Dev
2885,Dev
2886,Dev
2887,Dev
2888,Dev
2889,Dev
2890,Dev
2891,Holdout
2892,Holdout
2893,Dev
2894,Dev
2895,Dev
2896,Dev
2897,Dev
2898,Dev
2899,Dev
2900,Dev
2901,Dev
2902,Holdout
2903,Dev
2904,Dev
2905,Dev
2906,Dev
2907,Dev
2908,Holdout
2909,Dev
2910,Dev
2911,Dev
2912,Dev
2913,Dev
2914,Holdout
2915,Holdout
2916,Dev
2917,Dev
2918,Dev
2919,Dev
2920,Dev
2921,Dev
2922,Dev
2923,Dev
2924,Dev
2925,Dev
2926,Dev
2927,Dev
2928,Dev
2929,Dev
2930,Dev
2931,Dev
2932,Holdout
2933,Dev
2934,Dev
2935,Dev
2936,Dev
2937,Dev
2938,Dev
2939,Holdout
2940,Dev
2941,Dev
2942,Holdout
2943,Dev
2944,Dev
2945,Dev
2946,Holdout
2947,Dev
2948,Dev
2949,Dev
2950,Dev
2951,Holdout
2952,Dev
2953,Dev
2954,Dev
2955,Dev
2956,Dev
2957,Dev
2958,Holdout
2959,Dev
2960,Dev
2961,Dev
2962,Dev
2963,Dev
2964,Dev
2965,Dev
2966,Dev
2967,Dev
2968,Dev
2969,Dev
2970,Dev
2971,Dev
2972,Dev
2973,Dev
2974,Dev
2975,Dev
2976,Dev
2977,Dev
2978,Holdout
2979,Dev
2980,Holdout
2981,Dev
2982,Dev
2983,Dev
2984,Dev
2985,Dev
2986,Holdout
2987,Dev
2988,Dev
2989,Dev
2990,Dev
2991,Dev
2992,Dev
2993,Dev
2994,Dev
2995,Dev
2996,Dev
2997,Holdout
2998,Dev
2999,Dev
3000,Holdout
3001,Dev
3002,Dev
3003,Dev
3004,Dev
3005,Dev
3006,Holdout
3007,Dev
3008,Holdout
3009,Dev
3010,Holdout
3011,Dev
3012,Dev
3013,Dev
3014,Dev
3015,Dev
3016,Dev
3017,Dev
3018,Dev
3019,Holdout
3020,Dev
3021,Dev
3022,Dev
3023,Dev
3024,Dev
3025,Dev
3026,Dev
3027,Dev
3028,Dev
3029,Dev
3030,Dev
3031,Dev
3032,Dev
3033,Dev
3034,Dev
3035,Dev
3036,Dev
3037,Holdout
3038,Dev
3039,Dev
3040,Holdout
3041,Dev
3042,Dev
3043,Dev
3044,Dev
3045,Dev
3046,Dev
3047,Dev
3048,Holdout
3049,Holdout
3050,Dev
3051,Holdout
3052,Dev
3053,Dev
3054,Dev
3055,Dev
3056,Dev
3057,Dev
3058,Dev
3059,Dev
3060,Dev
3061,Dev
3062,Dev
3063,Dev
3064,Dev
3065,Holdout
3066,Holdout
3067,Holdout
3068,Dev
3069,Dev
3070,Holdout
3071,Dev
3072,Dev
3073,Dev
3074,Holdout
3075,Dev
3076,Dev
3077,Holdout
3078,Dev
3079,Dev
3080,Holdout
3081,Dev
3082,Dev
3083,Dev
3084,Dev
3085,Dev
3086,Dev
3087,Dev
3088,Dev
3089,Dev
3090,Dev
3091,Dev
3092,Dev
3093,Dev
3094,Dev
3095,Dev
3096,Dev
3097,Dev
3098,Dev
3099,Dev
3100,Dev
3101,Dev
3102,Dev
3103,Dev
3104,Dev
3105,Holdout
3106,Dev
3107,Dev
3108,Dev
3109,Dev
3110,Dev
3111,Dev
3112,Dev
3113,Dev
3114,Dev
3115,Dev
3116,Dev
3117,Dev
3118,Dev
3119,Holdout
3120,Dev
3121,Dev
3122,Dev
3123,Dev
3124,Dev
3125,Holdout
3126,Dev
3127,Holdout
3128,Holdout
3129,Dev
3130,Dev
3131,Dev
3132,Dev
3133,Dev
3134,Dev
3135,Dev
3136,Dev
3137,Dev
3138,Holdout
3139,Dev
3140,Dev
3141,Dev
3142,Dev
3143,Dev
3144,Dev
3145,Dev
3146,Dev
3147,Holdout
3148,Dev
3149,Dev
3150,Dev
3151,Dev
3152,Dev
3153,Dev
3154,Dev
3155,Holdout
3156,Dev
3157,Dev
3158,Dev
3159,Dev
3160,Dev
3161,Holdout
3162,Holdout
3163,Dev
3164,Dev
3165,Dev
3166,Holdout
3167,Dev
3168,Dev
3169,Dev
3170,Dev
3171,Dev
3172,Holdout
3173,Dev
3174,Holdout
3175,Dev
3176,Dev
3177,Dev
3178,Dev
3179,Dev
3180,Dev
3181,Holdout
3182,Dev
3183,Dev
3184,Holdout
3185,Dev
3186,Dev
3187,Dev
3188,Dev
3189,Dev
3190,Dev
3191,Dev
3192,Dev
3193,Dev
3194,Dev
3195,Holdout
3196,Dev
3197,Holdout
3198,Dev
3199,Holdout
3200,Dev
3201,Dev
3202,Holdout
3203,Dev
3204,Dev
3205,Holdout
3206,Dev
3207,Dev
3208,Dev
3209,Dev
3210,Dev
3211,Holdout
3212,Holdout
3213,Dev
3214,Dev
3215,Holdout
3216,Dev
3217,Dev
3218,Dev
3219,Holdout
3220,Dev
3221,Dev
3222,Dev
3223,Holdout
3224,Dev
3225,Dev
3226,Dev
3227,Dev
3228,Dev
3229,Dev
3230,Dev
3231,Dev
3232,Dev
3233,Dev
3234,Dev
3235,Dev
3236,Dev
3237,Holdout
3238,Dev
3239,Dev
3240,Dev
3241,Dev
3242,Dev
3243,Dev
3244,Dev
3245,Dev
3246,Holdout
3247,Dev
3248,Holdout
3249,Holdout
3250,Dev
3251,Dev
3252,Holdout
3253,Dev
3254,Dev
3255,Dev
3256,Dev
3257,Dev
3258,Dev
3259,Dev
3260,Dev
3261,Dev
3262,Dev
3263,Dev
3264,Dev
3265,Dev
3266,Dev
3267,Dev
3268,Dev
3269,Dev
