Fold_Iteration,Unified_Accuracy,arch
1,0.7,rf
2,0.8,rf
3,0.75,rf
4,0.5789473684210527,rf
5,0.7368421052631579,rf
6,0.65,rf
7,0.85,rf
8,0.55,pca
9,0.8421052631578947,rf
10,0.6842105263157895,pca
11,0.7,rf
12,0.75,rf
13,0.65,rf
14,0.7894736842105263,rf
15,0.631578947368421,rf
16,0.8,rf
17,0.7,rf
18,0.7,rf
19,0.6842105263157895,rf
20,0.7894736842105263,rf
21,0.65,rf
22,0.7,rf
23,0.8,rf
24,0.8947368421052632,rf
25,0.7894736842105263,rf
26,0.45,pca
27,0.75,rf
28,0.75,rf
29,0.7894736842105263,rf
30,0.7368421052631579,rf
31,0.7,rf
32,0.55,rf
33,0.65,rf
34,0.7368421052631579,rf
35,0.8421052631578947,rf
36,0.7,pca
37,0.7,rf
38,0.7,rf
39,0.7368421052631579,rf
40,0.631578947368421,rf
41,0.85,rf
42,0.7,rf
43,0.7,rf
44,0.5789473684210527,rf
45,0.7368421052631579,rf
46,0.75,rf
47,0.7,rf
48,0.75,rf
49,0.7368421052631579,rf
50,0.5789473684210527,rf
