fold,dev_pos,orig_index,y,Unified
1,3,24,0,0.31123714524159507
1,9,99,1,0.7147751450561461
1,12,70,1,0.5743182446157786
1,15,2,0,0.5003849047207698
1,16,63,1,0.6957694530851314
1,18,103,1,0.3112678480581067
1,22,93,1,0.9138071150495896
1,31,44,0,0.46780207556542086
1,32,113,1,0.3750703182896685
1,40,66,1,0.3966940453602141
1,46,46,0,0.46205981280554115
1,53,92,1,0.5325837033083135
1,55,81,1,0.6292774068712224
1,68,100,1,0.37634395481559907
1,79,19,0,0.23765768785011837
1,82,56,1,0.6378937805773156
1,84,45,0,0.3527275818273101
1,91,29,0,0.1698206456099436
1,92,8,0,0.5922006578042344
1,97,23,0,0.2784707488125104
2,0,91,1,0.42775480501416724
2,6,64,1,0.6169048752980768
2,10,83,1,0.8562547010873152
2,14,65,1,0.843403800422224
2,29,55,1,0.6740661484636503
2,30,32,0,0.47919852162395116
2,33,112,1,0.5414823498457408
2,39,74,1,0.5173483578952095
2,45,13,0,0.7359623299365531
2,54,96,1,0.7152681366138454
2,58,15,0,0.5730206003904388
2,62,31,0,0.43020537672118253
2,69,12,0,0.5677462173369667
2,71,73,1,0.5994699942238705
2,74,34,0,0.298692033769919
2,77,6,0,0.2192509109180384
2,81,89,1,0.9173220712614216
2,86,21,0,0.4063515982675275
2,87,52,1,0.8293444351792876
2,88,9,0,0.3085996807812529
3,2,27,0,0.4748910639352471
3,13,108,1,0.86216259011069
3,17,80,1,0.2738488136925419
3,20,36,0,0.27356627659099986
3,24,97,1,0.5824236851553631
3,34,35,0,0.2569845964905361
3,36,54,1,0.5666987022761609
3,38,75,1,0.6241624724597252
3,42,40,0,0.30509688197914925
3,43,30,0,0.6920773454808232
3,44,84,1,0.6078243774649212
3,47,33,0,0.5794718650370896
3,48,115,1,0.9345479677757735
3,50,67,1,0.5198051704052955
3,61,87,1,0.9999872254087326
3,70,62,1,0.26129519247436406
3,73,48,0,0.42783125720752635
3,78,43,0,0.4411277975182838
3,89,107,1,0.42351992456912474
3,96,11,0,0.2892007962441028
4,8,49,0,0.41381401201467416
4,19,94,1,0.8731496837284468
4,23,114,1,0.20638483843775618
4,26,85,1,0.27486378827261476
4,37,82,1,0.3733600133701166
4,49,77,1,0.774013682412322
4,52,5,0,0.6012598042560782
4,57,68,1,0.642387812527393
4,59,101,1,0.40064015983075824
4,60,109,1,0.9659717118954624
4,64,1,0,0.5099695355914272
4,65,0,0,0.19720335439723943
4,66,10,0,0.4058570465445092
4,67,76,1,0.23329650227406093
4,75,3,0,0.34909839348169386
4,83,60,1,0.7413731642935995
4,90,39,0,0.05782191136310734
4,94,106,1,0.3863860619455747
4,95,17,0,0.17872256430741068
5,1,4,0,0.6095954839219517
5,4,105,1,0.8082995352029716
5,5,69,1,0.9475137007621294
5,7,78,1,0.999999955927815
5,11,61,1,0.9626426742467492
5,21,37,0,0.999907984574695
5,25,110,1,0.6151173409031923
5,27,90,1,0.9990383045302353
5,28,16,0,0.1706386168008875
5,35,50,0,0.9347135495793186
5,41,57,1,0.885500286895494
5,51,88,1,0.9999998898080621
5,56,41,0,0.5132799618068477
5,63,26,0,0.3451223694604112
5,72,102,1,0.7826802521107408
5,76,25,0,0.04564729951892142
5,80,47,0,0.016292917498015265
5,85,22,0,0.5311982034349163
5,93,72,1,0.7673166419037256
6,5,69,1,0.943719587658717
6,6,64,1,0.6739338728825566
6,7,78,1,0.9999997708929889
6,8,49,0,0.4966298301076484
6,22,93,1,0.9703419694998707
6,35,50,0,0.9160818439358663
6,40,66,1,0.39080021061832126
6,45,13,0,0.6074716890453269
6,52,5,0,0.535173227972018
6,55,81,1,0.6658362703319225
6,56,41,0,0.5716641363466155
6,57,68,1,0.5620907971543168
6,64,1,0,0.5464228288796755
6,67,76,1,0.40216626141569467
6,79,19,0,0.23901963558332623
6,80,47,0,0.06681679511826855
6,82,56,1,0.6594308619747118
6,86,21,0,0.1806204701777861
6,87,52,1,0.9025660847471535
6,93,72,1,0.8299391097149642
7,9,99,1,0.7955678415286338
7,11,61,1,0.9218601988719035
7,12,70,1,0.5367756680865561
7,13,108,1,0.7573526771561605
7,15,2,0,0.46272695267887964
7,17,80,1,0.5178163761683394
7,18,103,1,0.2841137768580001
7,20,36,0,0.07322902338149181
7,21,37,0,0.9986483711804562
7,26,85,1,0.4277250224880528
7,27,90,1,0.981621684697756
7,28,16,0,0.2341860364066474
7,31,44,0,0.3645090992927319
7,37,82,1,0.5093863930547684
7,53,92,1,0.6371392055442207
7,73,48,0,0.1920604595595051
7,76,25,0,0.06619869014436239
7,81,89,1,0.9804232822383884
7,90,39,0,0.09266103503648804
7,95,17,0,0.2556129152268626
8,1,4,0,0.578314610442114
8,10,83,1,0.820355627866102
8,23,114,1,0.35954535190198067
8,24,97,1,0.4093887687759067
8,29,55,1,0.7743542674261545
8,32,113,1,0.3173381754136018
8,36,54,1,0.720741794484247
8,42,40,0,0.39228315148258047
8,43,30,0,0.6250782419438256
8,47,33,0,0.7328254245275273
8,48,115,1,0.7370023403894299
8,49,77,1,0.6050876243947565
8,59,101,1,0.3992831520601338
8,63,26,0,0.43326029387965115
8,68,100,1,0.38180331701841175
8,69,12,0,0.34960998281384725
8,74,34,0,0.2961031037588989
8,85,22,0,0.43554429032465153
8,94,106,1,0.4078156881486308
8,97,23,0,0.37277412397540177
9,0,91,1,0.5906645070961929
9,2,27,0,0.45971981262024986
9,14,65,1,0.8374891657605927
9,19,94,1,0.8956235423762285
9,38,75,1,0.6900340758342356
9,39,74,1,0.4314540034185443
9,41,57,1,0.770534921491103
9,46,46,0,0.45769965930259754
9,51,88,1,0.9999804396613005
9,60,109,1,0.9710645922579931
9,61,87,1,0.999979703814304
9,62,31,0,0.39844030296758304
9,71,73,1,0.6905298924789895
9,75,3,0,0.3607802511655238
9,78,43,0,0.36829231301933973
9,84,45,0,0.37472298533394094
9,88,9,0,0.36233617564988463
9,89,107,1,0.3244669041629925
9,92,8,0,0.6136578391870782
10,3,24,0,0.5736724361483853
10,4,105,1,0.45010588158953174
10,16,63,1,0.5366207710482073
10,25,110,1,0.24012024065991683
10,30,32,0,0.17002623240922887
10,33,112,1,0.45254440478841707
10,34,35,0,0.31537881752182784
10,44,84,1,0.6809621408762612
10,50,67,1,0.5829200056212003
10,54,96,1,0.5666016463645078
10,58,15,0,0.48342387828802014
10,65,0,0,0.3501250571302841
10,66,10,0,0.4100931787865304
10,70,62,1,0.5646346926239345
10,72,102,1,0.39787574765319417
10,77,6,0,0.676390640171148
10,83,60,1,0.513520610832849
10,91,29,0,0.3105852683821455
10,96,11,0,0.33531311230856276
11,4,105,1,0.8288935893291474
11,9,99,1,0.7548026020983923
11,12,70,1,0.3079170541682952
11,15,2,0,0.33432037525573
11,19,94,1,0.9599673013597552
11,21,37,0,0.9979548608701755
11,28,16,0,0.15711156641676788
11,32,113,1,0.4509728149827734
11,40,66,1,0.284145185324296
11,42,40,0,0.22882466503135845
11,44,84,1,0.9712484742187094
11,50,67,1,0.5423853773885956
11,52,5,0,0.3538554627650285
11,57,68,1,0.36699029052774546
11,63,26,0,0.6227531113750517
11,76,25,0,0.2507412593459155
11,77,6,0,0.2377958551893374
11,82,56,1,0.5129143405733236
11,83,60,1,0.5330032910099907
11,90,39,0,0.29260199680614624
12,3,24,0,0.30112460578298594
12,6,64,1,0.6428228227723407
12,7,78,1,0.9999997912940138
12,10,83,1,0.923606771010361
12,11,61,1,0.865307652454494
12,16,63,1,0.680485192029914
12,23,114,1,0.24097049955054262
12,24,97,1,0.6554515996052981
12,29,55,1,0.7255817852930334
12,31,44,0,0.48825811737479874
12,35,50,0,0.8905283053119806
12,55,81,1,0.6331760048800289
12,56,41,0,0.5566029957916196
12,64,1,0,0.5219344217837478
12,72,102,1,0.5440916730873684
12,74,34,0,0.19578165254883745
12,78,43,0,0.3025320862146683
12,88,9,0,0.361528743861939
12,89,107,1,0.2588125375627117
12,91,29,0,0.16163405715775434
13,2,27,0,0.4078427472544093
13,5,69,1,0.85431907852229
13,8,49,0,0.43309492471710176
13,13,108,1,0.7311927692864671
13,20,36,0,0.15664113564154777
13,25,110,1,0.5908133255166
13,26,85,1,0.34116501799068577
13,38,75,1,0.6831910188837215
13,39,74,1,0.4441745536082934
13,46,46,0,0.39693424339562133
13,53,92,1,0.4222937645387548
13,58,15,0,0.5075845356954304
13,59,101,1,0.4266021565509142
13,60,109,1,0.9516036031481391
13,65,0,0,0.21593933511486194
13,67,76,1,0.29628476016947713
13,68,100,1,0.3760677052503607
13,73,48,0,0.2590059456450819
13,84,45,0,0.3336542111255859
13,85,22,0,0.39839410786826157
14,0,91,1,0.39754085874829415
14,1,4,0,0.41427664327482405
14,17,80,1,0.3194868040018946
14,27,90,1,0.9028251007182793
14,30,32,0,0.449528207619896
14,33,112,1,0.5495257747072377
14,34,35,0,0.18651252613339725
14,36,54,1,0.7311936149160447
14,41,57,1,0.6886538573551961
14,48,115,1,0.8423414980036635
14,49,77,1,0.7603026395382693
14,51,88,1,0.997354353691644
14,69,12,0,0.5816151184332053
14,79,19,0,0.3896072042375248
14,80,47,0,0.08408930823197316
14,81,89,1,0.9179632263700164
14,86,21,0,0.411031623663157
14,87,52,1,0.8243720282641764
14,96,11,0,0.5499697782352566
15,14,65,1,0.6942008583056194
15,18,103,1,0.40828140303050936
15,22,93,1,0.9554677124374511
15,37,82,1,0.80503788392012
15,43,30,0,0.7540194885230114
15,45,13,0,0.3560476330731316
15,47,33,0,0.6011374882330558
15,54,96,1,0.65865745729039
15,61,87,1,0.999993308054085
15,62,31,0,0.613224458785309
15,66,10,0,0.22033209914668486
15,70,62,1,0.30042742618349855
15,71,73,1,0.5452388093047826
15,75,3,0,0.2388335007562593
15,92,8,0,0.4311585150833557
15,93,72,1,0.5574640191880293
15,94,106,1,0.4222181637784169
15,95,17,0,0.5243962533674135
15,97,23,0,0.34798520191290294
16,3,24,0,0.32853152143003994
16,4,105,1,0.7324350217588399
16,8,49,0,0.47975355364177363
16,10,83,1,0.890680142235343
16,17,80,1,0.3265714571843215
16,22,93,1,0.8842194064930236
16,26,85,1,0.4287448392211136
16,34,35,0,0.20197613365489459
16,38,75,1,0.6571289663736135
16,40,66,1,0.39435541411117503
16,41,57,1,0.723840069119317
16,43,30,0,0.529698787649115
16,44,84,1,0.7385142401652038
16,54,96,1,0.6360179664939958
16,58,15,0,0.4931786714272633
16,61,87,1,0.9999887206487603
16,65,0,0,0.21252392225881317
16,77,6,0,0.3389940670150751
16,78,43,0,0.3330593472103432
16,97,23,0,0.2927366980524182
17,2,27,0,0.48957996608122206
17,9,99,1,0.6625613719384984
17,20,36,0,0.25814042395544134
17,24,97,1,0.7069156509002237
17,30,32,0,0.5622339480311498
17,32,113,1,0.47922076101234196
17,33,112,1,0.5017893841241323
17,36,54,1,0.617098772740324
17,39,74,1,0.5736675523447581
17,42,40,0,0.2718294320912691
17,47,33,0,0.5401553179078606
17,50,67,1,0.5179944349034598
17,51,88,1,0.9968795258070922
17,59,101,1,0.4079883295617971
17,62,31,0,0.5999302738879388
17,64,1,0,0.31108756130843873
17,68,100,1,0.3711341575179354
17,74,34,0,0.2796462710145217
17,76,25,0,0.36575827887783957
17,87,52,1,0.7276073302154157
18,0,91,1,0.41208573391257874
18,6,64,1,0.6543382363984653
18,7,78,1,0.999908017043893
18,16,63,1,0.7828044324816423
18,19,94,1,0.9148797064567527
18,23,114,1,0.21904691818039698
18,28,16,0,0.45931952034634876
18,29,55,1,0.6741114676427904
18,31,44,0,0.45724086758592475
18,48,115,1,0.92641832782172
18,52,5,0,0.6148557496836151
18,55,81,1,0.45723592155713416
18,69,12,0,0.5422545477118731
18,70,62,1,0.4503355849969979
18,73,48,0,0.2652002959116847
18,75,3,0,0.27946618754467684
18,79,19,0,0.328065518067991
18,81,89,1,0.9636796345930962
18,84,45,0,0.3415274063338196
18,91,29,0,0.24077115775441726
19,5,69,1,0.9118460840635858
19,11,61,1,0.8912083741232454
19,13,108,1,0.6118829387929868
19,18,103,1,0.31851470245658453
19,25,110,1,0.47302558668150774
19,27,90,1,0.9772951577687266
19,45,13,0,0.6266876420213805
19,56,41,0,0.4949241258297684
19,63,26,0,0.23462759381177162
19,67,76,1,0.29604555258417553
19,80,47,0,0.08394700692167119
19,83,60,1,0.6979682280304473
19,85,22,0,0.3132099882355819
19,88,9,0,0.3789923290582236
19,89,107,1,0.1973760385761738
19,90,39,0,0.09364539142498383
19,93,72,1,0.7996317692697239
19,94,106,1,0.3609771855457515
19,96,11,0,0.3368699843333377
20,1,4,0,0.6079864915348412
20,12,70,1,0.5613694253219896
20,14,65,1,0.8458783273563492
20,15,2,0,0.48711203377843426
20,21,37,0,0.9993461818920313
20,35,50,0,0.9057843523867042
20,37,82,1,0.6949026258295397
20,46,46,0,0.3766701714462969
20,49,77,1,0.9542542632962849
20,53,92,1,0.8477472587603336
20,57,68,1,0.6140834646886433
20,60,109,1,0.9897301734106527
20,66,10,0,0.2189636945188212
20,71,73,1,0.6426422330789847
20,72,102,1,0.7154371270501634
20,82,56,1,0.7718447089656241
20,86,21,0,0.10180032929114197
20,92,8,0,0.5585039463712952
20,95,17,0,0.35572120012567143
21,0,91,1,0.4600406490060958
21,2,27,0,0.3713732818985667
21,3,24,0,0.338079265036645
21,14,65,1,0.8439595446793002
21,20,36,0,0.16262490289595924
21,22,93,1,0.881376332708393
21,26,85,1,0.3102535578114029
21,39,74,1,0.44517066219538676
21,41,57,1,0.710678740610847
21,45,13,0,0.6409587543920771
21,49,77,1,0.758941296144834
21,59,101,1,0.39915740798545346
21,73,48,0,0.2648177141424225
21,76,25,0,0.16401123804029002
21,77,6,0,0.2249235719113687
21,82,56,1,0.6769393030682762
21,83,60,1,0.684812124243251
21,90,39,0,0.10747080273327747
21,92,8,0,0.546604936118902
21,94,106,1,0.42801829412557413
22,5,69,1,0.9378853835712666
22,7,78,1,0.9999996384361294
22,10,83,1,0.9455199338276079
22,15,2,0,0.5072674666003423
22,24,97,1,0.6993751126204623
22,34,35,0,0.15684547018243555
22,35,50,0,0.9143418551566753
22,36,54,1,0.80461226486393
22,46,46,0,0.4992625102258695
22,52,5,0,0.5245091025364023
22,54,96,1,0.6970115464063205
22,56,41,0,0.5755237117725829
22,62,31,0,0.40175382692583483
22,67,76,1,0.42689276770882134
22,70,62,1,0.41681398982760054
22,71,73,1,0.6990252936973785
22,72,102,1,0.5816540148115152
22,79,19,0,0.2700685549443865
22,87,52,1,0.8905829096573542
22,91,29,0,0.15840806804242147
23,4,105,1,0.7978678039307071
23,8,49,0,0.4397985029881625
23,9,99,1,0.7084183156776379
23,12,70,1,0.6284056305238073
23,18,103,1,0.2626748670779545
23,25,110,1,0.6350143833023669
23,28,16,0,0.38971446993576164
23,29,55,1,0.5986771760391865
23,32,113,1,0.3801657422357436
23,43,30,0,0.4617094832967463
23,47,33,0,0.22802351125099396
23,53,92,1,0.41689239770044506
23,57,68,1,0.6008946492881018
23,61,87,1,0.9999429156242006
23,65,0,0,0.19689696856317185
23,68,100,1,0.3729221723074305
23,75,3,0,0.33189583060386624
23,84,45,0,0.33496245009073067
23,95,17,0,0.24283003587522653
23,96,11,0,0.39143154980690575
24,6,64,1,0.5885038712782282
24,16,63,1,0.6418226446646056
24,23,114,1,0.2211800810547584
24,30,32,0,0.33144612864288125
24,31,44,0,0.4757764714812567
24,40,66,1,0.36324905480805086
24,44,84,1,0.829314399997187
24,48,115,1,0.9442269709489601
24,50,67,1,0.6431732388097195
24,51,88,1,0.9999469125273921
24,55,81,1,0.688793900562531
24,58,15,0,0.45180302147148105
24,60,109,1,0.9538780172907286
24,64,1,0,0.4498282144783538
24,66,10,0,0.2721738756246438
24,78,43,0,0.34188407361812856
24,85,22,0,0.3509142262825957
24,86,21,0,0.21925008868697726
24,93,72,1,0.7063369414948932
25,1,4,0,0.5857408795852442
25,11,61,1,0.9396800948799713
25,13,108,1,0.6764088088225206
25,17,80,1,0.6196258118443401
25,19,94,1,0.9651977136776271
25,21,37,0,0.9997012648118122
25,27,90,1,0.9876699180558504
25,33,112,1,0.43609963513305483
25,37,82,1,0.5756779668524129
25,38,75,1,0.7789463945133341
25,42,40,0,0.1259904986550966
25,63,26,0,0.27509810052232775
25,69,12,0,0.19366459281106171
25,74,34,0,0.12133801378833153
25,80,47,0,0.02339820698111117
25,81,89,1,0.9820486335233842
25,88,9,0,0.25356769645943655
25,89,107,1,0.15556196562108449
25,97,23,0,0.2636832748288944
26,1,4,0,0.6353947535863759
26,6,64,1,0.5139466087953277
26,7,78,1,0.9999965707941056
26,14,65,1,0.5568309408556352
26,21,37,0,0.84624306068554
26,32,113,1,0.23747250075847315
26,34,35,0,0.22534460352995234
26,37,82,1,0.8659984573776431
26,40,66,1,0.43227705980916853
26,45,13,0,0.6840640932694955
26,59,101,1,0.44743232122684573
26,63,26,0,0.28974055915517616
26,68,100,1,0.3800040992487135
26,71,73,1,0.44750387141275616
26,77,6,0,0.6864780428181624
26,80,47,0,0.17887188458183065
26,82,56,1,0.4985846266197509
26,93,72,1,0.6647380060036996
26,95,17,0,0.54798965819144
26,96,11,0,0.2722647690276062
27,0,91,1,0.48352039850419204
27,4,105,1,0.7609580076657466
27,9,99,1,0.6786443532817856
27,10,83,1,0.8986200006168668
27,16,63,1,0.7326306921176247
27,23,114,1,0.24711576772447158
27,25,110,1,0.6221773601660963
27,43,30,0,0.4500820172689667
27,46,46,0,0.4064616210078563
27,50,67,1,0.6641428700768984
27,53,92,1,0.4227051130369246
27,56,41,0,0.4027061534484423
27,62,31,0,0.37511348004920275
27,67,76,1,0.3212644922436728
27,69,12,0,0.44763410408414434
27,74,34,0,0.24819470810794997
27,76,25,0,0.17115727583396242
27,81,89,1,0.9285391567050663
27,84,45,0,0.34860428885644634
27,92,8,0,0.5631691342421
28,12,70,1,0.5509959597078475
28,18,103,1,0.3125003788921976
28,19,94,1,0.9869786361191427
28,20,36,0,0.15571672006777898
28,28,16,0,0.34131038274077774
28,31,44,0,0.527945280029539
28,33,112,1,0.5288668055656294
28,35,50,0,0.9288086777992849
28,42,40,0,0.22144744320818455
28,44,84,1,0.6291229953362935
28,49,77,1,0.599456450110541
28,54,96,1,0.6380112560178763
28,57,68,1,0.49027861024629504
28,61,87,1,0.9999999377621913
28,64,1,0,0.51669449780963
28,72,102,1,0.5318748793165924
28,79,19,0,0.26003873467726313
28,83,60,1,0.6090937059296089
28,86,21,0,0.20310980399020304
28,88,9,0,0.3464212035433403
29,2,27,0,0.3912713747319675
29,5,69,1,0.8097237061938465
29,8,49,0,0.6068080237447031
29,11,61,1,0.7764196191842483
29,13,108,1,0.8493733848132392
29,17,80,1,0.4149965543994217
29,22,93,1,0.833795110029234
29,26,85,1,0.3955027711933501
29,30,32,0,0.23256152967503724
29,36,54,1,0.6972849293928056
29,47,33,0,0.3117213790252306
29,51,88,1,0.9959797806042198
29,60,109,1,0.9201295543238248
29,66,10,0,0.336382091204131
29,75,3,0,0.3806581798676297
29,78,43,0,0.488933970044759
29,87,52,1,0.7922637847764296
29,89,107,1,0.4301241871576119
29,91,29,0,0.3375898673619647
30,3,24,0,0.3642687441989691
30,15,2,0,0.43638684568737107
30,24,97,1,0.7688552344829408
30,27,90,1,0.895125349018416
30,29,55,1,0.596701976235855
30,38,75,1,0.686994357918039
30,39,74,1,0.4551907291591374
30,41,57,1,0.7148290042306973
30,48,115,1,0.8822348511990641
30,52,5,0,0.5656523098027282
30,55,81,1,0.5768689263846578
30,58,15,0,0.5083948685340872
30,65,0,0,0.23158506475387972
30,70,62,1,0.4895705534669871
30,73,48,0,0.2898530569405958
30,85,22,0,0.4322448672239231
30,90,39,0,0.1434345334610704
30,94,106,1,0.4566031048472674
30,97,23,0,0.38599661413107567
31,7,78,1,0.9997805381105536
31,8,49,0,0.696457088702703
31,9,99,1,0.8374732386362245
31,12,70,1,0.7095491176340643
31,22,93,1,0.8070243220261009
31,25,110,1,0.10345637771338091
31,29,55,1,0.6034329252693423
31,32,113,1,0.12590989646282397
31,37,82,1,0.2459957467402199
31,38,75,1,0.8117702758536998
31,42,40,0,0.20199462694468778
31,48,115,1,0.4493195604550515
31,65,0,0,0.26662639244740294
31,66,10,0,0.3553290982002032
31,69,12,0,0.318239336651608
31,73,48,0,0.13052668331935408
31,80,47,0,0.1236089333061334
31,81,89,1,0.9673388964462108
31,92,8,0,0.7706076732136334
31,96,11,0,0.18349451544851303
32,0,91,1,0.7731062248446718
32,4,105,1,0.8565062309075819
32,26,85,1,0.5352112341288431
32,31,44,0,0.5455873998923171
32,33,112,1,0.4798564021619242
32,34,35,0,0.2251227525734476
32,40,66,1,0.313551103329756
32,41,57,1,0.5872976278181856
32,43,30,0,0.7673209874555516
32,45,13,0,0.34450671332046745
32,47,33,0,0.619782779025464
32,62,31,0,0.6105937103859851
32,68,100,1,0.3863886991630239
32,71,73,1,0.5236883903291341
32,78,43,0,0.43646919193021116
32,79,19,0,0.5341476815857021
32,82,56,1,0.4431092576887127
32,86,21,0,0.3029503996473649
32,87,52,1,0.7618476890355621
32,93,72,1,0.5391413221487429
33,1,4,0,0.5791356059759275
33,5,69,1,0.9284452093831053
33,10,83,1,0.9451771054838198
33,18,103,1,0.2968990013987919
33,23,114,1,0.2113292474601019
33,24,97,1,0.6772787078068279
33,28,16,0,0.3349080549450242
33,44,84,1,0.7925478764841205
33,46,46,0,0.4552646796366011
33,49,77,1,0.7019089224456363
33,58,15,0,0.5074604756762062
33,61,87,1,0.9999998270822491
33,70,62,1,0.44682581669190624
33,74,34,0,0.16955581435232894
33,85,22,0,0.2620272338872703
33,88,9,0,0.346573476037229
33,89,107,1,0.21716280564829724
33,90,39,0,0.08458294480521794
33,94,106,1,0.3354314204002417
33,97,23,0,0.2335868599015834
34,6,64,1,0.647453600396978
34,13,108,1,0.8639202193485542
34,16,63,1,0.7701506333394241
34,17,80,1,0.2838997397918491
34,19,94,1,0.929548891939239
34,20,36,0,0.1522113522829005
34,27,90,1,0.9428572552509984
34,35,50,0,0.7266097764917563
34,50,67,1,0.6852124668906767
34,52,5,0,0.5758008272590478
34,57,68,1,0.5764833681968335
34,59,101,1,0.41077302033952967
34,63,26,0,0.49441488413584067
34,64,1,0,0.4757806518339943
34,67,76,1,0.3261191585542659
34,72,102,1,0.5136321065444989
34,76,25,0,0.1471611295802734
34,77,6,0,0.2129299763266272
34,91,29,0,0.1963044340128467
35,2,27,0,0.6872922076176182
35,3,24,0,0.31826705926964494
35,11,61,1,0.9428843960563602
35,14,65,1,0.8459040221690208
35,15,2,0,0.482431613161982
35,21,37,0,0.9999139397144656
35,30,32,0,0.48564132023619544
35,36,54,1,0.9162067435130546
35,39,74,1,0.3364177602187553
35,51,88,1,0.9999995830229297
35,53,92,1,0.6872134642602417
35,54,96,1,0.8834529822081099
35,55,81,1,0.9132435065670605
35,56,41,0,0.40616967845932467
35,60,109,1,0.9901778093340756
35,75,3,0,0.3718092606759199
35,83,60,1,0.8005486519241944
35,84,45,0,0.27780270296535947
35,95,17,0,0.2781892295677087
36,1,4,0,0.6835682246668304
36,7,78,1,0.9999709592422074
36,16,63,1,0.5540668073444918
36,17,80,1,0.4714459578630795
36,20,36,0,0.31142511394972155
36,30,32,0,0.17163818534292663
36,36,54,1,0.7979112341544452
36,37,82,1,0.7744875067776293
36,38,75,1,0.7250259269569664
36,60,109,1,0.6131775647138991
36,64,1,0,0.5817722745425511
36,66,10,0,0.3763779935459637
36,68,100,1,0.38044186017906845
36,71,73,1,0.48729972856200965
36,76,25,0,0.1895051719373435
36,77,6,0,0.695603265111228
36,78,43,0,0.33805274182956024
36,82,56,1,0.5008770189552944
36,83,60,1,0.5455127233199102
36,96,11,0,0.273680363331358
37,5,69,1,0.8999041973767716
37,8,49,0,0.4301825741065013
37,23,114,1,0.18492589490095712
37,25,110,1,0.588651754475735
37,26,85,1,0.43355549577440444
37,31,44,0,0.41563276679816463
37,32,113,1,0.322709786534804
37,33,112,1,0.46201832549579236
37,34,35,0,0.1277799515649122
37,41,57,1,0.7458309573414263
37,47,33,0,0.34274969227123875
37,65,0,0,0.14272489365776003
37,70,62,1,0.4217007018349993
37,73,48,0,0.28208644514131465
37,80,47,0,0.05975570766501799
37,81,89,1,0.9605402310423163
37,89,107,1,0.21879549448209495
37,91,29,0,0.14413359811281987
37,93,72,1,0.7461220647692395
37,95,17,0,0.35141751459585496
38,4,105,1,0.5842550849023456
38,9,99,1,0.6138391194424269
38,10,83,1,0.8556554842393823
38,13,108,1,0.6114364617760613
38,39,74,1,0.6053206013181713
38,45,13,0,0.847731488846714
38,46,46,0,0.3838560629355575
38,50,67,1,0.6978649668960513
38,52,5,0,0.6751579371543306
38,54,96,1,0.7177971190651427
38,55,81,1,0.3941201228218593
38,67,76,1,0.3072832074090827
38,69,12,0,0.6668894997958252
38,72,102,1,0.4266321757674773
38,84,45,0,0.3407833509442073
38,85,22,0,0.48072688316807366
38,86,21,0,0.36790104065141105
38,87,52,1,0.8819438561055182
38,88,9,0,0.34402204780592743
38,90,39,0,0.07124312447299759
39,0,91,1,0.73651149825613
39,2,27,0,0.5242043527659589
39,3,24,0,0.41733729637101813
39,11,61,1,0.7425060528382128
39,12,70,1,0.4096963694947974
39,24,97,1,0.6377682607998942
39,28,16,0,0.2865022476762307
39,29,55,1,0.636875345147274
39,35,50,0,0.856959781147999
39,43,30,0,0.7332872372683786
39,44,84,1,0.7140373448291892
39,48,115,1,0.9441764021751614
39,49,77,1,0.712229019933406
39,51,88,1,0.9973750907935918
39,53,92,1,0.7049961473148703
39,58,15,0,0.3739732404924143
39,59,101,1,0.4375576727140953
39,92,8,0,0.4699635712988266
39,97,23,0,0.35601842874709294
40,6,64,1,0.5156960200966038
40,14,65,1,0.763764770275865
40,15,2,0,0.3959511008241645
40,18,103,1,0.39432960152202734
40,19,94,1,0.9153987174379652
40,21,37,0,0.9975995681539478
40,22,93,1,0.906869803918938
40,27,90,1,0.910380114167393
40,40,66,1,0.3251854059254802
40,42,40,0,0.2500028589129226
40,56,41,0,0.4785111560744729
40,57,68,1,0.41825625803634153
40,61,87,1,0.9944792131236828
40,62,31,0,0.6248309244353675
40,63,26,0,0.7238873732228222
40,74,34,0,0.19738323179361777
40,75,3,0,0.22539597622248267
40,79,19,0,0.5310761936738604
40,94,106,1,0.5032926316383374
41,5,69,1,0.8611383491704676
41,9,99,1,0.6992500939276934
41,22,93,1,0.8824645300733232
41,24,97,1,0.6703443971492928
41,28,16,0,0.4017594497843552
41,29,55,1,0.6871678017941716
41,36,54,1,0.7611143864389955
41,42,40,0,0.30191692966605965
41,47,33,0,0.4054253960717339
41,53,92,1,0.6524315952585262
41,54,96,1,0.6585336879262396
41,56,41,0,0.553521166847526
41,58,15,0,0.5310757549258996
41,64,1,0,0.537937766111237
41,71,73,1,0.6488695192731537
41,79,19,0,0.33371435738047267
41,81,89,1,0.9207597195329994
41,85,22,0,0.36534559768689473
41,86,21,0,0.2716293976898182
41,87,52,1,0.8293595587857616
42,1,4,0,0.5358019709187247
42,6,64,1,0.6056139954336008
42,13,108,1,0.7756426365974464
42,23,114,1,0.23564134844933643
42,31,44,0,0.4783202745338109
42,34,35,0,0.17448934550896067
42,38,75,1,0.6687742807765542
42,40,66,1,0.3715183645703198
42,43,30,0,0.55767749875155
42,46,46,0,0.4577155545243635
42,49,77,1,0.7096247487979856
42,55,81,1,0.642808449001528
42,57,68,1,0.5030075942072313
42,60,109,1,0.9569308456090715
42,62,31,0,0.3848816411580264
42,67,76,1,0.3975915681343638
42,74,34,0,0.20088441398210777
42,82,56,1,0.5975547364848981
42,92,8,0,0.5553014376518779
42,96,11,0,0.315628434805974
43,8,49,0,0.555636002897044
43,11,61,1,0.7422900407394906
43,14,65,1,0.8737796132277247
43,18,103,1,0.25635717894615595
43,19,94,1,0.9108912449301575
43,20,36,0,0.2574515772944072
43,27,90,1,0.9469174799039526
43,32,113,1,0.21784927600308374
43,37,82,1,0.4293335052987568
43,41,57,1,0.7429287219850864
43,45,13,0,0.62602475173939
43,61,87,1,0.9998740522186476
43,65,0,0,0.22462773445850598
43,69,12,0,0.38775648456437106
43,70,62,1,0.4890338498530128
43,73,48,0,0.17176617561199534
43,76,25,0,0.21518326371058746
43,80,47,0,0.07608717626860981
43,93,72,1,0.7718617048491256
43,95,17,0,0.2888158915255783
44,2,27,0,0.5180033507057069
44,4,105,1,0.9084776419074372
44,7,78,1,0.9999962483398095
44,17,80,1,0.3143720240456992
44,26,85,1,0.46670378427931536
44,35,50,0,0.8707713014874277
44,39,74,1,0.6255218654275909
44,44,84,1,0.7461434818062466
44,50,67,1,0.5577466611736197
44,59,101,1,0.42145009333387407
44,63,26,0,0.6837920576284322
44,66,10,0,0.2055716869472495
44,72,102,1,0.630888521552065
44,75,3,0,0.219626840881541
44,77,6,0,0.2308129665224876
44,78,43,0,0.4568577208087037
44,89,107,1,0.4260974802056171
44,91,29,0,0.29536607384186725
44,94,106,1,0.42246869279035365
45,0,91,1,0.6893011206622609
45,3,24,0,0.30829439790840885
45,10,83,1,0.997563007014912
45,12,70,1,0.5760042445620777
45,15,2,0,0.38119997534427974
45,16,63,1,0.7923257983732728
45,21,37,0,0.9998582352537402
45,25,110,1,0.5759028235298316
45,30,32,0,0.5623073275081968
45,33,112,1,0.47735896263937083
45,48,115,1,0.9068806132729029
45,51,88,1,0.9999993520578759
45,52,5,0,0.5717558491784149
45,68,100,1,0.499068509622906
45,83,60,1,0.8141813479011724
45,84,45,0,0.23713750915192086
45,88,9,0,0.20988559115086214
45,90,39,0,0.12443934291721417
45,97,23,0,0.4606763687698948
46,9,99,1,0.8509272741959284
46,18,103,1,0.2749810038736865
46,21,37,0,0.9998886873638859
46,23,114,1,0.07531406481443503
46,33,112,1,0.42066455106450934
46,36,54,1,0.9307876338079821
46,42,40,0,0.10060495359009508
46,44,84,1,0.9955750990261926
46,51,88,1,0.9999998545804123
46,53,92,1,0.80816347428853
46,56,41,0,0.4372457822471678
46,57,68,1,0.5603495428137228
46,63,26,0,0.3101823299274765
46,64,1,0,0.33980194518558926
46,66,10,0,0.1511062652269225
46,73,48,0,0.1388050390635852
46,80,47,0,0.0128174229832425
46,87,52,1,0.968459041405194
46,89,107,1,0.14309917863598043
46,97,23,0,0.23906257829845123
47,0,91,1,0.5843965798669402
47,1,4,0,0.5531117456249794
47,3,24,0,0.3653386654035166
47,8,49,0,0.5178800613559571
47,11,61,1,0.8372133604285233
47,12,70,1,0.5508310611355365
47,15,2,0,0.4948684504189076
47,20,36,0,0.20887387266026192
47,24,97,1,0.7283871850909317
47,26,85,1,0.36846547666425156
47,29,55,1,0.5167732269803389
47,34,35,0,0.1999904610851253
47,40,66,1,0.4047384530056638
47,43,30,0,0.5357419981796088
47,46,46,0,0.4620248080610666
47,49,77,1,0.7549670744409713
47,70,62,1,0.41996501679028503
47,71,73,1,0.6733607476285564
47,78,43,0,0.3890352949350968
47,81,89,1,0.9399234898323018
48,4,105,1,0.5843703610555853
48,13,108,1,0.6047430363022304
48,14,65,1,0.7845953762383333
48,17,80,1,0.33084664839171174
48,19,94,1,0.9331546928372327
48,27,90,1,0.9703439987426299
48,30,32,0,0.2037399293648423
48,31,44,0,0.3948018486880823
48,38,75,1,0.6745073045892652
48,45,13,0,0.625857101839348
48,59,101,1,0.4366456679965361
48,61,87,1,0.9999925939577795
48,65,0,0,0.1981341059374735
48,67,76,1,0.3409440902525176
48,74,34,0,0.1880474021201572
48,75,3,0,0.39083607838508744
48,86,21,0,0.1522970385449464
48,88,9,0,0.3785642479008342
48,94,106,1,0.3324737071270197
48,96,11,0,0.3490984599065668
49,6,64,1,0.6285066607773406
49,7,78,1,0.9956746924342663
49,16,63,1,0.7462522450721879
49,22,93,1,0.8555806411896326
49,28,16,0,0.46504501739664
49,37,82,1,0.4762627490331791
49,48,115,1,0.8493644420059372
49,50,67,1,0.6592766353239219
49,52,5,0,0.6063532890664278
49,54,96,1,0.6971704246705013
49,55,81,1,0.48786998071285725
49,58,15,0,0.5747231776247279
49,69,12,0,0.5412986900472224
49,76,25,0,0.18614295954621315
49,79,19,0,0.3368725023307495
49,82,56,1,0.7304231945534512
49,90,39,0,0.10804633270170472
49,93,72,1,0.80058817408342
49,95,17,0,0.2595348539447529
50,2,27,0,0.3311215020729685
50,5,69,1,0.8918563294496319
50,10,83,1,0.9670540979906825
50,25,110,1,0.2409548752637048
50,32,113,1,0.19428165957161742
50,35,50,0,0.7890310019772201
50,39,74,1,0.46493301682280413
50,41,57,1,0.8386631533661252
50,47,33,0,0.23524168213434943
50,60,109,1,0.9747745377626643
50,62,31,0,0.5129602785480206
50,68,100,1,0.3947915336359712
50,72,102,1,0.45612811392452873
50,77,6,0,0.39977705585025847
50,83,60,1,0.7617719598209443
50,84,45,0,0.36265529892608506
50,85,22,0,0.24024915082125703
50,91,29,0,0.3495720600214623
50,92,8,0,0.7370061522114836
