orig_index,y,p,pred,covered
86,1,0.4027626932775152,0,1
20,0,0.29125436955666195,0,1
71,1,0.9027417421643282,1,1
104,1,0.3183727863514801,0,1
58,1,0.6001093745978852,1,1
42,0,0.29856397194161877,0,1
79,1,0.7617271358079958,1,1
53,1,0.47733234017628523,0,1
18,0,0.254452958390051,0,1
38,0,0.6937176373997622,1,0
59,1,0.5337145314711607,1,1
98,1,0.8988111012232992,1,1
7,0,0.8114169578319292,1,0
28,0,0.3087230580975915,0,1
14,0,0.27768124523520354,0,1
111,1,0.42312040725247546,0,1
95,1,0.19357879563177827,0,0
51,0,0.3613726199766135,0,1
