rep,empty,singleton,ambiguous,coverage,n_test
0,0,93,4,0.979381443298969,97
1,2,95,0,0.9587628865979382,97
2,0,97,0,1.0,97
3,3,94,0,0.9690721649484536,97
4,0,97,0,0.979381443298969,97
5,0,94,3,0.979381443298969,97
6,4,93,0,0.9381443298969072,97
7,0,96,1,0.9690721649484536,97
8,0,97,0,0.9896907216494846,97
9,3,94,0,0.9381443298969072,97
10,1,96,0,0.9896907216494846,97
11,2,95,0,0.979381443298969,97
12,5,92,0,0.9381443298969072,97
13,2,95,0,0.979381443298969,97
14,0,97,0,0.9690721649484536,97
15,4,93,0,0.9381443298969072,97
16,0,96,1,0.9690721649484536,97
17,0,93,4,0.9896907216494846,97
18,0,96,1,0.9896907216494846,97
19,2,95,0,0.9484536082474226,97
20,5,92,0,0.9278350515463918,97
21,3,94,0,0.9381443298969072,97
22,1,96,0,0.9690721649484536,97
23,0,97,0,0.9587628865979382,97
24,6,91,0,0.9278350515463918,97
25,2,95,0,0.9690721649484536,97
26,0,94,3,0.979381443298969,97
27,2,95,0,0.9278350515463918,97
28,0,94,3,0.979381443298969,97
29,0,96,1,0.979381443298969,97
30,1,96,0,0.9587628865979382,97
31,1,96,0,0.9587628865979382,97
32,4,93,0,0.9484536082474226,97
33,3,94,0,0.9690721649484536,97
34,4,93,0,0.9587628865979382,97
35,0,91,6,0.9896907216494846,97
36,0,97,0,0.9690721649484536,97
37,9,88,0,0.8969072164948454,97
38,1,96,0,0.9484536082474226,97
39,3,94,0,0.9484536082474226,97
40,0,92,5,0.979381443298969,97
41,3,94,0,0.9690721649484536,97
42,0,93,4,0.9896907216494846,97
43,4,93,0,0.9381443298969072,97
44,1,96,0,0.9690721649484536,97
45,2,95,0,0.979381443298969,97
46,3,94,0,0.9484536082474226,97
47,0,96,1,0.9896907216494846,97
48,0,97,0,0.979381443298969,97
49,0,96,1,0.979381443298969,97
50,2,95,0,0.9690721649484536,97
51,0,96,1,0.9690721649484536,97
52,0,97,0,0.979381443298969,97
53,0,89,8,0.9896907216494846,97
54,9,88,0,0.8969072164948454,97
55,0,96,1,1.0,97
56,9,88,0,0.8969072164948454,97
57,4,93,0,0.9381443298969072,97
58,0,96,1,0.9896907216494846,97
59,0,97,0,0.9587628865979382,97
60,2,95,0,0.9587628865979382,97
61,0,96,1,0.9896907216494846,97
62,0,97,0,0.979381443298969,97
63,4,93,0,0.9278350515463918,97
64,5,92,0,0.9175257731958762,97
65,11,86,0,0.8762886597938144,97
66,0,97,0,1.0,97
67,0,97,0,0.9896907216494846,97
68,0,97,0,0.9896907216494846,97
69,0,95,2,0.9896907216494846,97
70,5,92,0,0.9484536082474226,97
71,0,97,0,0.9896907216494846,97
72,0,97,0,0.979381443298969,97
73,0,97,0,0.979381443298969,97
74,2,95,0,0.9484536082474226,97
75,3,94,0,0.9381443298969072,97
76,0,97,0,0.9896907216494846,97
77,6,91,0,0.8969072164948454,97
78,0,94,3,1.0,97
79,0,91,6,0.979381443298969,97
80,0,93,4,0.979381443298969,97
81,3,94,0,0.9587628865979382,97
82,0,95,2,0.9896907216494846,97
83,3,94,0,0.9484536082474226,97
84,1,96,0,0.9690721649484536,97
85,0,97,0,0.9896907216494846,97
86,2,95,0,0.9484536082474226,97
87,0,92,5,0.9896907216494846,97
88,0,97,0,0.9587628865979382,97
89,1,96,0,0.9690721649484536,97
90,0,91,6,0.9896907216494846,97
91,1,96,0,0.9690721649484536,97
92,1,96,0,0.9690721649484536,97
93,0,97,0,0.979381443298969,97
94,0,97,0,0.979381443298969,97
95,5,92,0,0.9381443298969072,97
96,0,95,2,0.9896907216494846,97
97,0,97,0,0.9896907216494846,97
98,0,92,5,0.9690721649484536,97
99,0,95,2,0.979381443298969,97
