Fold_Iteration,Leaky_Accuracy,Leaky_AUROC,XGBoost_Accuracy,XGBoost_AUROC,LightGBM_Accuracy,LightGBM_AUROC,Nested_PCA_Accuracy,Nested_PCA_AUROC,Nested_RF_Accuracy,Nested_RF_AUROC,Unified_Accuracy,Unified_AUROC
1,0.5,0.7272727272727273,0.7,0.8787878787878788,0.55,0.6464646464646464,0.55,0.7171717171717171,0.7,0.8080808080808081,0.7,0.8080808080808081
2,0.7,0.8282828282828283,0.8,0.9393939393939394,0.8,0.898989898989899,0.7,0.8282828282828283,0.8,0.8484848484848484,0.8,0.8484848484848484
3,0.6,0.7070707070707071,0.8,0.9191919191919191,0.8,0.8131313131313131,0.65,0.707070707070707,0.75,0.7272727272727273,0.75,0.7272727272727273
4,0.47368421052631576,0.5909090909090908,0.7368421052631579,0.7727272727272727,0.7894736842105263,0.7840909090909092,0.47368421052631576,0.5909090909090908,0.5789473684210527,0.6931818181818181,0.5789473684210527,0.6931818181818181
5,0.7368421052631579,0.8111111111111111,0.7894736842105263,0.9,0.7368421052631579,0.861111111111111,0.631578947368421,0.7888888888888889,0.7368421052631579,0.8555555555555556,0.7368421052631579,0.8555555555555556
6,0.6,0.7272727272727273,0.7,0.7575757575757576,0.7,0.8181818181818181,0.6,0.7272727272727273,0.65,0.797979797979798,0.65,0.797979797979798
7,0.75,0.8888888888888888,0.75,0.8484848484848484,0.75,0.8383838383838385,0.7,0.8585858585858586,0.85,0.8585858585858587,0.85,0.8585858585858587
8,0.55,0.6161616161616161,0.75,0.8585858585858586,0.55,0.5757575757575757,0.55,0.606060606060606,0.55,0.6868686868686869,0.55,0.606060606060606
9,0.7894736842105263,0.875,0.7368421052631579,0.7329545454545454,0.5789473684210527,0.7670454545454546,0.7368421052631579,0.875,0.8421052631578947,0.8636363636363636,0.8421052631578947,0.8636363636363636
10,0.631578947368421,0.6888888888888889,0.7894736842105263,0.9555555555555555,0.8947368421052632,0.9888888888888889,0.6842105263157895,0.7,0.8947368421052632,0.9888888888888888,0.6842105263157895,0.7
11,0.6,0.6969696969696969,0.65,0.7525252525252526,0.75,0.8484848484848485,0.5,0.6464646464646464,0.7,0.7676767676767677,0.7,0.7676767676767677
12,0.6,0.6161616161616161,0.8,0.7979797979797979,0.8,0.7676767676767676,0.6,0.6464646464646464,0.75,0.7777777777777778,0.75,0.7777777777777778
13,0.65,0.8080808080808082,0.6,0.601010101010101,0.85,0.9494949494949495,0.7,0.797979797979798,0.65,0.7878787878787878,0.65,0.7878787878787878
14,0.8421052631578947,0.9659090909090909,1.0,1.0,0.8947368421052632,0.9659090909090909,0.8421052631578947,0.9659090909090909,0.7894736842105263,0.8522727272727273,0.7894736842105263,0.8522727272727273
15,0.47368421052631576,0.6111111111111112,0.7894736842105263,0.8111111111111111,0.631578947368421,0.6555555555555556,0.5263157894736842,0.6111111111111112,0.631578947368421,0.7222222222222222,0.631578947368421,0.7222222222222222
16,0.75,0.8484848484848484,0.85,0.8989898989898989,0.8,0.8383838383838385,0.8,0.8383838383838385,0.8,0.8787878787878788,0.8,0.8787878787878788
17,0.65,0.7171717171717171,0.9,0.9292929292929293,0.75,0.9191919191919191,0.6,0.7070707070707071,0.7,0.8080808080808081,0.7,0.8080808080808081
18,0.8,0.8787878787878788,0.75,0.787878787878788,0.75,0.8080808080808081,0.85,0.8888888888888888,0.7,0.7878787878787878,0.7,0.7878787878787878
19,0.5263157894736842,0.6704545454545455,0.631578947368421,0.6818181818181819,0.8421052631578947,0.8409090909090909,0.5789473684210527,0.6818181818181819,0.6842105263157895,0.7613636363636364,0.6842105263157895,0.7613636363636364
20,0.5263157894736842,0.6333333333333333,0.7368421052631579,0.7888888888888889,0.631578947368421,0.7333333333333334,0.5263157894736842,0.5666666666666667,0.7894736842105263,0.788888888888889,0.7894736842105263,0.788888888888889
21,0.6,0.7272727272727273,0.85,0.9191919191919191,0.75,0.8535353535353536,0.6,0.6969696969696969,0.65,0.8787878787878788,0.65,0.8787878787878788
22,0.7,0.7171717171717171,0.8,0.8383838383838385,0.8,0.8686868686868687,0.75,0.7373737373737373,0.7,0.8383838383838385,0.7,0.8383838383838385
23,0.45,0.5454545454545454,0.55,0.5,0.6,0.7777777777777778,0.5,0.595959595959596,0.8,0.8383838383838383,0.8,0.8383838383838383
24,0.7368421052631579,0.9431818181818181,0.7894736842105263,0.7500000000000001,0.7894736842105263,0.8181818181818181,0.7894736842105263,0.9545454545454546,0.8947368421052632,0.8863636363636364,0.8947368421052632,0.8863636363636364
25,0.7894736842105263,0.8777777777777778,0.6842105263157895,0.8666666666666667,0.7894736842105263,0.8777777777777778,0.7368421052631579,0.8333333333333334,0.7894736842105263,0.8111111111111111,0.7894736842105263,0.8111111111111111
26,0.5,0.5858585858585859,0.75,0.8585858585858586,0.7,0.7575757575757576,0.45,0.5555555555555556,0.7,0.7777777777777778,0.45,0.5555555555555556
27,0.75,0.8080808080808081,0.55,0.707070707070707,0.65,0.7878787878787878,0.75,0.7878787878787878,0.75,0.8080808080808082,0.75,0.8080808080808082
28,0.55,0.797979797979798,0.8,0.6868686868686869,0.8,0.8787878787878789,0.5,0.7171717171717171,0.75,0.8484848484848485,0.75,0.8484848484848485
29,0.7368421052631579,0.8068181818181819,0.8947368421052632,0.8863636363636364,0.9473684210526315,0.9318181818181818,0.7368421052631579,0.8295454545454546,0.7894736842105263,0.9318181818181819,0.7894736842105263,0.9318181818181819
30,0.631578947368421,0.8555555555555556,0.7368421052631579,0.8222222222222222,0.7368421052631579,0.9000000000000001,0.6842105263157895,0.8444444444444444,0.7368421052631579,0.9333333333333333,0.7368421052631579,0.9333333333333333
31,0.8,0.797979797979798,0.65,0.7777777777777778,0.75,0.797979797979798,0.85,0.8181818181818182,0.7,0.7272727272727273,0.7,0.7272727272727273
32,0.5,0.6262626262626263,0.75,0.7979797979797979,0.7,0.7171717171717172,0.5,0.5858585858585859,0.55,0.595959595959596,0.55,0.595959595959596
33,0.6,0.696969696969697,0.85,0.8636363636363636,0.8,0.8737373737373737,0.55,0.7373737373737375,0.65,0.7373737373737373,0.65,0.7373737373737373
34,0.5263157894736842,0.6590909090909091,0.8421052631578947,0.8068181818181819,0.631578947368421,0.6988636363636364,0.5263157894736842,0.6363636363636364,0.7368421052631579,0.8068181818181819,0.7368421052631579,0.8068181818181819
35,0.631578947368421,0.8111111111111111,0.7894736842105263,0.7500000000000001,0.8421052631578947,0.8888888888888888,0.631578947368421,0.8111111111111111,0.8421052631578947,0.8333333333333334,0.8421052631578947,0.8333333333333334
36,0.6,0.7777777777777779,0.95,0.9797979797979798,0.95,1.0,0.7,0.797979797979798,0.75,0.898989898989899,0.7,0.797979797979798
37,0.65,0.6262626262626262,0.7,0.8585858585858586,0.75,0.7878787878787878,0.65,0.6666666666666667,0.7,0.8484848484848485,0.7,0.8484848484848485
38,0.55,0.6666666666666666,0.9,0.9494949494949495,0.75,0.898989898989899,0.6,0.6464646464646464,0.7,0.6969696969696969,0.7,0.6969696969696969
39,0.5789473684210527,0.6704545454545454,0.7894736842105263,0.8409090909090909,0.6842105263157895,0.6818181818181819,0.5789473684210527,0.6022727272727273,0.7368421052631579,0.7613636363636364,0.7368421052631579,0.7613636363636364
40,0.5789473684210527,0.6333333333333333,0.6842105263157895,0.7222222222222222,0.7368421052631579,0.7777777777777777,0.5789473684210527,0.6555555555555556,0.631578947368421,0.6666666666666667,0.631578947368421,0.6666666666666667
41,0.8,0.888888888888889,0.85,0.9393939393939394,0.9,1.0,0.8,0.8484848484848485,0.85,1.0,0.85,1.0
42,0.65,0.7373737373737373,0.6,0.6717171717171717,0.65,0.7070707070707071,0.55,0.7474747474747475,0.7,0.787878787878788,0.7,0.787878787878788
43,0.8,0.8383838383838383,0.8,0.8787878787878788,0.9,0.9898989898989898,0.8,0.8080808080808082,0.7,0.8484848484848485,0.7,0.8484848484848485
44,0.5263157894736842,0.625,0.631578947368421,0.6477272727272727,0.5789473684210527,0.625,0.5263157894736842,0.625,0.5789473684210527,0.7045454545454546,0.5789473684210527,0.7045454545454546
45,0.5789473684210527,0.7222222222222222,0.8421052631578947,0.8777777777777778,0.6842105263157895,0.8166666666666667,0.5789473684210527,0.6888888888888889,0.7368421052631579,0.8555555555555556,0.7368421052631579,0.8555555555555556
46,0.65,0.7171717171717172,0.75,0.8484848484848486,0.8,0.8484848484848485,0.6,0.7474747474747474,0.75,0.7373737373737373,0.75,0.7373737373737373
47,0.5,0.7070707070707071,0.7,0.8484848484848486,0.55,0.6464646464646464,0.5,0.6767676767676767,0.7,0.797979797979798,0.7,0.797979797979798
48,0.65,0.8080808080808081,0.6,0.6515151515151516,0.9,0.9090909090909091,0.65,0.8686868686868687,0.75,0.8181818181818181,0.75,0.8181818181818181
49,0.47368421052631576,0.7159090909090908,0.7368421052631579,0.8295454545454546,0.8421052631578947,0.8863636363636364,0.631578947368421,0.8181818181818181,0.7368421052631579,0.9318181818181819,0.7368421052631579,0.9318181818181819
50,0.5263157894736842,0.5222222222222223,0.7368421052631579,0.7666666666666667,0.5789473684210527,0.7,0.5263157894736842,0.5222222222222223,0.5789473684210527,0.7,0.5789473684210527,0.7
