Item,WBCD,Coimbra,SEER (5-year and survival)
Creators and original purpose,University of Wisconsin investigators; computer-aided diagnosis of fine-needle aspirate cytology [29].,University of Coimbra investigators; prediction of breast cancer from routine blood biomarkers [10].,National Cancer Institute SEER program (population cancer surveillance) [32]; public research extraction by Namdari [31].
Instances,569 fine-needle aspirate samples.,116 women.,"4,024 women (3,270 in the 5-year classification cohort)."
Predictors,"30 nuclear morphology features (mean, standard error and worst value of 10 measurements).","9 clinical and metabolic variables (age, BMI, glucose, insulin, HOMA-IR, leptin, adiponectin, resistin, MCP-1).",12 clinical and demographic variables (16 features after one-hot encoding); survival time and vital status used only to define outcomes.
Outcome (label),"Benign or malignant, by histopathology.",Breast cancer case or healthy control.,"All-cause death within 60 months, derived by the authors from survival months and vital status (Section 2.2); time to death for the survival branch."
Collection period and setting,"Before 1993; single centre (University of Wisconsin Hospitals, Madison, USA).","2009–2013; University Hospital Centre of Coimbra, Portugal.",Diagnoses 2006–2010 (November 2017 submission); US population-based registries; follow-up to 107 months.
Collection process,"Digitised cytology images; operator-initialised boundary tracing, so measurements are partly operator-dependent.",Fasting blood samples and routine clinical measurements.,Registrar abstraction; vital status by linkage with vital statistics; cause of death not recorded.
Selection and sampling,Sampling scheme not documented in detail.,"Case–control: newly diagnosed, untreated cases and healthy controls.","Women with infiltrating ductal or lobular carcinoma, aged 30–69 years, node-positive; exclusions for unknown tumour size, unexamined nodes and survival under 1 month. For the 5-year label, 754 patients alive with under 60 months of follow-up were excluded."
Missing data,None.,None.,None in the public extraction.
Sensitive attributes,None recorded.,Age.,"Age, race (White, Black, Other) and marital status."
Preprocessing by the authors,None beyond inner-fold scaling and feature selection.,None beyond inner-fold scaling and feature selection.,One-hot encoding; integer coding of ordinal staging descriptors; composite AJCC stage excluded; corrected 60-month label.
Known limitations and biases,"Historical, single-centre, operator-dependent measurements; near-separable classes.","Very small sample (EPV 5.8) and case–control design, so probabilities do not transfer to screening.","No treatment, HER2 or comorbidity data; all-cause mortality only; restricted age and nodal status; coarse race categories (Other combines American Indian/Alaska Native and Asian/Pacific Islander); possible bias from excluding censored patients."
Recommended uses,Methodological benchmarking.,Small-sample stress testing.,Methodological benchmarking of registry-based prognostic modelling; not for estimating population survival.
Distribution,UCI Machine Learning Repository [30].,UCI Machine Learning Repository [30].,Kaggle listing [31]; users should follow the listing terms and SEER data-use policies.
Maintenance,"Source files are maintained by their hosts. Split manifests, derived labels and preprocessing code are versioned in the project repository (release v1.1), where errors can be reported.",As for WBCD.,As for WBCD.
