cohort,characteristic,development,lockbox,SMD
WBCD,"mean radius, mean (SD)",14.2 (3.5),13.9 (3.4),0.06
WBCD,"mean texture, mean (SD)",19.4 (4.3),18.9 (4.2),0.12
WBCD,"mean perimeter, mean (SD)",92.2 (24),90.8 (23),0.06
WBCD,"mean area, mean (SD)",658 (3.6e+02),636 (3.3e+02),0.06
WBCD,"mean smoothness, mean (SD)",0.0961 (0.014),0.0977 (0.013),-0.11
WBCD,"mean compactness, mean (SD)",0.104 (0.053),0.107 (0.05),-0.05
WBCD,"mean concavity, mean (SD)",0.0888 (0.081),0.0886 (0.074),0.0
WBCD,"mean concave points, mean (SD)",0.0489 (0.039),0.049 (0.036),-0.0
WBCD,"mean symmetry, mean (SD)",0.181 (0.027),0.18 (0.028),0.04
WBCD,"mean fractal dimension, mean (SD)",0.0627 (0.0069),0.0632 (0.0079),-0.06
WBCD,"Malignant, n (%)",180 (37.3),32 (37.2),
Coimbra,"Age, mean (SD)",57.9 (16.4),54.1 (14.1),0.25
Coimbra,"BMI, mean (SD)",27.7 (5.12),27 (4.52),0.13
Coimbra,"Glucose, mean (SD)",98.9 (23.8),91.7 (11.9),0.38
Coimbra,"Insulin, mean (SD)",10 (9.47),10 (13.2),-0.0
Coimbra,"HOMA, mean (SD)",2.75 (3.69),2.41 (3.48),0.09
Coimbra,"Leptin, mean (SD)",26.9 (19.5),25.3 (17.7),0.09
Coimbra,"Adiponectin, mean (SD)",10.4 (7.18),9.17 (4.6),0.2
Coimbra,"Resistin, mean (SD)",14.6 (12.6),15.4 (11.3),-0.06
Coimbra,"MCP-1, mean (SD)",543 (344),488 (363),0.15
Coimbra,"Breast cancer cases, n (%)",54 (55.1),10 (55.6),
SEER,"Age, years, mean (SD)",54.2 (9.0),53.5 (8.9),0.08
SEER,"Race: Black, n (%)",209 (7.5),34 (6.9),
SEER,"Race: Other (AI/AN, API), n (%)",209 (7.5),46 (9.4),
SEER,"Race: White, n (%)",2361 (85.0),411 (83.7),
SEER,"Marital status: Divorced, n (%)",346 (12.5),67 (13.6),
SEER,"Marital status: Married (including common law), n (%)",1816 (65.3),311 (63.3),
SEER,"Marital status: Separated, n (%)",35 (1.3),3 (0.6),
SEER,"Marital status: Single (never married), n (%)",420 (15.1),83 (16.9),
SEER,"Marital status: Widowed, n (%)",162 (5.8),27 (5.5),
SEER,"T stage: T1, n (%)",1099 (39.5),194 (39.5),
SEER,"T stage: T2, n (%)",1234 (44.4),213 (43.4),
SEER,"T stage: T3, n (%)",366 (13.2),74 (15.1),
SEER,"T stage: T4, n (%)",80 (2.9),10 (2.0),
SEER,"N stage: N1, n (%)",1850 (66.6),329 (67.0),
SEER,"N stage: N2, n (%)",581 (20.9),95 (19.3),
SEER,"N stage: N3, n (%)",348 (12.5),67 (13.6),
SEER,"Grade: Moderately differentiated; Grade II, n (%)",1630 (58.7),272 (55.4),
SEER,"Grade: Poorly differentiated; Grade III, n (%)",776 (27.9),155 (31.6),
SEER,"Grade: Undifferentiated; anaplastic; Grade IV, n (%)",15 (0.5),3 (0.6),
SEER,"Grade: Well differentiated; Grade I, n (%)",358 (12.9),61 (12.4),
SEER,"A stage: Distant, n (%)",64 (2.3),13 (2.6),
SEER,"A stage: Regional, n (%)",2715 (97.7),478 (97.4),
SEER,"Tumour size, mm, median (IQR)",25 (16-40),25 (16-37),-0.01
SEER,"Estrogen receptor: Negative, n (%)",201 (7.2),45 (9.2),
SEER,"Estrogen receptor: Positive, n (%)",2578 (92.8),446 (90.8),
SEER,"Progesterone receptor: Negative, n (%)",516 (18.6),98 (20.0),
SEER,"Progesterone receptor: Positive, n (%)",2263 (81.4),393 (80.0),
SEER,"Regional nodes examined, median (IQR)",14 (9-19),14 (9-19),0.01
SEER,"Regional nodes positive, median (IQR)",2 (1-5),2 (1-5),0.0
SEER,"Follow-up, months, median (IQR)",79 (65-93),79 (67-93),-0.03
SEER,"Death within 60 months, n (%)",389 (14.0),69 (14.1),
SEER,"Missing values, n",0,0,
