cohort,label_version,pipeline,metric,mean,sd,CI95_low_NB,CI95_high_NB
WBCD,original,Leaky,Accuracy,0.9685115979381445,0.01650482681173778,0.9512771600116516,0.9857460358646373
WBCD,original,XGBoost,Accuracy,0.9519652061855669,0.020793397235016924,0.9302526176188727,0.9736777947522611
WBCD,original,LightGBM,Accuracy,0.9581679553264604,0.023030124930396433,0.9341197624505425,0.9822161482023782
WBCD,original,Nested_PCA,Accuracy,0.9716237113402062,0.0164551038738734,0.9544411943999753,0.9888062282804371
WBCD,original,Nested_RF,Accuracy,0.9594093642611683,0.019389313449023594,0.9391629283011823,0.9796558002211543
WBCD,original,Unified,Accuracy,0.9707968213058419,0.016697548206338998,0.9533611425574824,0.9882325000542014
Coimbra,original,Leaky,Accuracy,0.6273157894736842,0.10701138220128101,0.515573870275564,0.7390577086718043
Coimbra,original,XGBoost,Accuracy,0.7563684210526316,0.09720366645816256,0.6548677767314615,0.8578690653738017
Coimbra,original,LightGBM,Accuracy,0.7478421052631581,0.10664332834220229,0.6364845100849293,0.8591997004413868
Coimbra,original,Nested_PCA,Accuracy,0.6325263157894736,0.10878215652466133,0.5189353435533403,0.746117288025607
Coimbra,original,Nested_RF,Accuracy,0.7237368421052632,0.08197814735105653,0.6381347750271718,0.8093389091833547
Coimbra,original,Unified,Accuracy,0.7135263157894737,0.08697303218359699,0.622708560381034,0.8043440711979134
SEER,v1.0 (as reported),Leaky,AUROC,0.7179730200113477,0.02446914971467569,0.6917270201181505,0.7442190199045449
SEER,v1.0 (as reported),XGBoost,AUROC,0.7322270905633275,0.026969269754766732,0.7032994220763967,0.7611547590502582
SEER,v1.0 (as reported),LightGBM,AUROC,0.7309763494345377,0.027058070914941838,0.7019534314081808,0.7599992674608946
SEER,v1.0 (as reported),Nested_PCA,AUROC,0.7178311351830515,0.024722976667053306,0.6913128764560706,0.7443493939100324
SEER,v1.0 (as reported),Nested_RF,AUROC,0.7320222286424377,0.02310679725889584,0.7072375097020253,0.7568069475828502
SEER,v1.0 (as reported),Unified,AUROC,0.7320222286424377,0.02310679725889584,0.7072375097020253,0.7568069475828502
SEER,v1.1 (fixed 60-month),Leaky,AUROC,0.7347544366372819,0.03104286748206738,0.7014573623163782,0.7680515109581856
SEER,v1.1 (fixed 60-month),Nested_PCA,AUROC,0.7347905332364388,0.031063970291147512,0.7014708237062482,0.7681102427666294
SEER,v1.1 (fixed 60-month),Nested_RF,AUROC,0.7414758881286078,0.026923594326438306,0.7125972118339275,0.770354564423288
SEER,v1.1 (fixed 60-month),Unified,AUROC,0.7391024695567433,0.02765309893813854,0.7094413149910961,0.7687636241223905
